,ResponseId,label,mean,ranking_1,ranking_2,ranking_3,ranking_4,ranking_5,ranking_6,ranking_7
0,R_5vQ6Xf1WugueDND,two chairs,1.6666666666666667,1.0,1.0,3.0,2.0,2.0,1.0,
1,R_5vQ6Xf1WugueDND,swimming,1.0,1.0,1.0,1.0,1.0,1.0,1.0,
2,R_5vQ6Xf1WugueDND,cup,1.1666666666666667,1.0,1.0,1.0,2.0,1.0,1.0,
3,R_5vQ6Xf1WugueDND,letter j,1.8333333333333333,4.0,1.0,1.0,2.0,1.0,2.0,
4,R_5vQ6Xf1WugueDND,triangle,1.5,1.0,3.0,2.0,1.0,1.0,1.0,
5,R_5vQ6Xf1WugueDND,lamp,1.5,1.0,1.0,1.0,3.0,2.0,1.0,
6,R_5vQ6Xf1WugueDND,letters id,2.8333333333333335,2.0,4.0,4.0,4.0,1.0,2.0,
7,R_5vQ6Xf1WugueDND,balloon pair,2.4285714285714284,2.0,3.0,2.0,3.0,2.0,3.0,2.0
8,R_5vQ6Xf1WugueDND,volcano,2.5,3.0,3.0,2.0,3.0,3.0,1.0,
9,R_5vQ6Xf1WugueDND,number 3,1.0,1.0,1.0,1.0,1.0,1.0,1.0,
10,R_5vQ6Xf1WugueDND,letter x,1.0,1.0,1.0,1.0,1.0,1.0,1.0,1.0
11,R_5vQ6Xf1WugueDND,glass,3.3333333333333335,3.0,5.0,2.0,3.0,2.0,5.0,
12,R_5vQ6Xf1WugueDND,umbrella,4.833333333333333,5.0,5.0,5.0,4.0,5.0,5.0,
13,R_5vQ6Xf1WugueDND,cake,1.6666666666666667,1.0,1.0,4.0,2.0,1.0,1.0,
14,R_6D6PBkrChss508l,square,1.1666666666666667,2.0,1.0,1.0,1.0,1.0,1.0,
15,R_6D6PBkrChss508l,triangular diamond,1.6666666666666667,3.0,1.0,1.0,2.0,2.0,1.0,
16,R_6D6PBkrChss508l,flower,1.3333333333333333,1.0,1.0,2.0,1.0,1.0,2.0,
17,R_6D6PBkrChss508l,bird,1.0,1.0,1.0,1.0,1.0,1.0,1.0,
18,R_6D6PBkrChss508l,circles,1.3333333333333333,2.0,1.0,1.0,1.0,2.0,1.0,
19,R_6D6PBkrChss508l,head and shoulders,1.3333333333333333,3.0,1.0,1.0,1.0,1.0,1.0,
20,R_6D6PBkrChss508l,person,2.1666666666666665,2.0,2.0,2.0,2.0,1.0,4.0,
21,R_6D6PBkrChss508l,ice cream cone,4.166666666666667,4.0,5.0,5.0,4.0,2.0,5.0,
22,R_6D6PBkrChss508l,oval pile,1.0,1.0,1.0,1.0,1.0,1.0,1.0,
23,R_6D6PBkrChss508l,music clef,3.6666666666666665,5.0,1.0,3.0,3.0,5.0,5.0,
24,R_6D6PBkrChss508l,wine glass,4.0,5.0,5.0,4.0,3.0,4.0,3.0,
25,R_6D6PBkrChss508l,vortex,1.8333333333333333,1.0,3.0,1.0,4.0,1.0,1.0,
26,R_6D6PBkrChss508l,house,3.5,4.0,4.0,4.0,2.0,4.0,3.0,
27,R_53qZezuj1Aowmel,ladder,5.0,5.0,5.0,5.0,5.0,5.0,5.0,
28,R_53qZezuj1Aowmel,comb,1.1666666666666667,1.0,1.0,1.0,1.0,2.0,1.0,
29,R_53qZezuj1Aowmel,bra,2.142857142857143,1.0,2.0,2.0,2.0,3.0,3.0,2.0
30,R_53qZezuj1Aowmel,horseshoe,1.3333333333333333,3.0,1.0,1.0,1.0,1.0,1.0,
31,R_53qZezuj1Aowmel,music symbol,1.1666666666666667,2.0,1.0,1.0,1.0,1.0,1.0,
32,R_53qZezuj1Aowmel,music note,1.0,1.0,1.0,1.0,1.0,1.0,1.0,
33,R_53qZezuj1Aowmel,magnifying glass,1.1666666666666667,1.0,1.0,1.0,1.0,2.0,1.0,
34,R_53qZezuj1Aowmel,letter h,2.5,1.0,4.0,3.0,4.0,1.0,2.0,
35,R_53qZezuj1Aowmel,arrow,1.8333333333333333,3.0,1.0,1.0,2.0,3.0,1.0,
36,R_53qZezuj1Aowmel,letter w,1.0,1.0,1.0,1.0,1.0,1.0,1.0,
37,R_53qZezuj1Aowmel,tree,1.0,1.0,1.0,1.0,1.0,1.0,1.0,1.0
38,R_53qZezuj1Aowmel,road,1.0,1.0,1.0,1.0,1.0,1.0,1.0,
39,R_53qZezuj1Aowmel,star,1.0,1.0,1.0,1.0,1.0,1.0,1.0,
40,R_53qZezuj1Aowmel,sign,1.3333333333333333,3.0,1.0,1.0,1.0,1.0,1.0,
41,R_53qZezuj1Aowmel,roof,2.5,2.0,3.0,1.0,2.0,4.0,3.0,
42,R_6hazd14Iv0vRJV7,two squares,2.1666666666666665,2.0,3.0,3.0,1.0,3.0,1.0,
43,R_6hazd14Iv0vRJV7,key,1.1666666666666667,2.0,1.0,1.0,1.0,1.0,1.0,
44,R_6hazd14Iv0vRJV7,half circle,1.2857142857142858,2.0,1.0,1.0,1.0,1.0,1.0,2.0
45,R_6hazd14Iv0vRJV7,house,3.6666666666666665,3.0,5.0,4.0,3.0,3.0,4.0,
46,R_6hazd14Iv0vRJV7,capital b,1.3333333333333333,1.0,1.0,2.0,1.0,1.0,2.0,
47,R_6hazd14Iv0vRJV7,ball string,2.2857142857142856,2.0,2.0,4.0,2.0,1.0,3.0,2.0
48,R_6hazd14Iv0vRJV7,rectangle,1.0,1.0,1.0,1.0,1.0,1.0,1.0,
49,R_6hazd14Iv0vRJV7,eyes,2.1666666666666665,3.0,2.0,2.0,2.0,3.0,1.0,
50,R_6hazd14Iv0vRJV7,letter m,1.1428571428571428,1.0,1.0,1.0,1.0,1.0,1.0,2.0
51,R_6hazd14Iv0vRJV7,small circles,2.6666666666666665,3.0,2.0,2.0,3.0,4.0,2.0,
52,R_6hazd14Iv0vRJV7,cup,1.0,1.0,1.0,1.0,1.0,1.0,1.0,
53,R_6hazd14Iv0vRJV7,letter e,1.0,1.0,1.0,1.0,1.0,1.0,1.0,
54,R_6hazd14Iv0vRJV7,pattern,1.5,1.0,2.0,3.0,1.0,1.0,1.0,
55,R_6hazd14Iv0vRJV7,tie,2.0,3.0,2.0,3.0,2.0,1.0,1.0,
56,R_6hazd14Iv0vRJV7,box cone,4.0,5.0,4.0,3.0,5.0,2.0,5.0,
57,R_5KpdGyLKCFDJS5r,house,1.0,1.0,1.0,1.0,1.0,1.0,1.0,
58,R_5KpdGyLKCFDJS5r,butterfly,3.3333333333333335,3.0,3.0,5.0,3.0,4.0,2.0,
59,R_5KpdGyLKCFDJS5r,mountain,1.1666666666666667,1.0,1.0,1.0,2.0,1.0,1.0,
60,R_5KpdGyLKCFDJS5r,flower,1.0,1.0,1.0,1.0,1.0,1.0,1.0,
61,R_5KpdGyLKCFDJS5r,angle,1.5,1.0,2.0,2.0,1.0,2.0,1.0,
62,R_5KpdGyLKCFDJS5r,volcano,1.3333333333333333,2.0,1.0,1.0,2.0,1.0,1.0,
63,R_5KpdGyLKCFDJS5r,toilet,1.6666666666666667,1.0,2.0,2.0,1.0,2.0,2.0,
64,R_5KpdGyLKCFDJS5r,window,4.833333333333333,5.0,5.0,4.0,5.0,5.0,5.0,
65,R_5KpdGyLKCFDJS5r,balloon,1.3333333333333333,2.0,1.0,1.0,1.0,2.0,1.0,
66,R_5KpdGyLKCFDJS5r,stringray,2.142857142857143,4.0,2.0,2.0,2.0,1.0,2.0,2.0
67,R_5KpdGyLKCFDJS5r,square,1.0,1.0,1.0,1.0,1.0,1.0,,
68,R_5KpdGyLKCFDJS5r,broom,1.0,1.0,1.0,1.0,1.0,1.0,1.0,
69,R_5KpdGyLKCFDJS5r,potato,1.0,1.0,1.0,1.0,1.0,1.0,1.0,
70,R_5KpdGyLKCFDJS5r,umbrella,4.833333333333333,5.0,5.0,5.0,4.0,5.0,5.0,
71,R_5KpdGyLKCFDJS5r,cube,1.3333333333333333,1.0,1.0,2.0,1.0,2.0,1.0,
72,R_59txcXaWbmO04SW,two boxes,1.3333333333333333,1.0,1.0,2.0,2.0,1.0,1.0,
73,R_59txcXaWbmO04SW,star,1.2,1.0,2.0,1.0,1.0,1.0,,
74,R_59txcXaWbmO04SW,duck beak,2.4285714285714284,1.0,2.0,1.0,4.0,3.0,3.0,3.0
75,R_59txcXaWbmO04SW,party hat,2.0,2.0,1.0,2.0,2.0,1.0,4.0,
76,R_59txcXaWbmO04SW,ice cream cone,4.166666666666667,4.0,5.0,5.0,4.0,2.0,5.0,
77,R_59txcXaWbmO04SW,four squares,5.0,5.0,5.0,5.0,5.0,5.0,5.0,
78,R_59txcXaWbmO04SW,house,3.5,4.0,4.0,4.0,2.0,4.0,3.0,
79,R_6Eu2oR7CwVBRwyp,butterfly,3.3333333333333335,3.0,3.0,5.0,3.0,4.0,2.0,
80,R_6Eu2oR7CwVBRwyp,butterfly,3.2,2.0,4.0,1.0,5.0,4.0,,
81,R_6Eu2oR7CwVBRwyp,tent,1.1666666666666667,1.0,2.0,1.0,1.0,1.0,1.0,
82,R_6Eu2oR7CwVBRwyp,arrow,2.0,3.0,2.0,2.0,3.0,1.0,1.0,
83,R_6Eu2oR7CwVBRwyp,camcorder,2.0,4.0,2.0,3.0,1.0,1.0,1.0,
84,R_6Eu2oR7CwVBRwyp,four squares,5.0,5.0,5.0,5.0,5.0,5.0,5.0,
85,R_6Eu2oR7CwVBRwyp,earring,2.3333333333333335,1.0,3.0,3.0,5.0,1.0,1.0,
86,R_6Eu2oR7CwVBRwyp,music note,4.333333333333333,5.0,5.0,4.0,5.0,3.0,4.0,
87,R_6Eu2oR7CwVBRwyp,umbrella,4.833333333333333,5.0,5.0,5.0,4.0,5.0,5.0,
88,R_6Eu2oR7CwVBRwyp,house,1.3333333333333333,1.0,1.0,1.0,1.0,2.0,2.0,
89,R_6Eu2oR7CwVBRwyp,house,3.5,4.0,4.0,4.0,2.0,4.0,3.0,
90,R_5hfsgpVmDBRxfr5,ladder,4.5,5.0,4.0,4.0,5.0,4.0,5.0,
91,R_5hfsgpVmDBRxfr5,pitchfork,4.666666666666667,4.0,4.0,5.0,5.0,5.0,5.0,
92,R_5hfsgpVmDBRxfr5,cupcake,1.5,2.0,1.0,2.0,1.0,2.0,1.0,
93,R_5hfsgpVmDBRxfr5,beanie,3.0,3.0,4.0,4.0,4.0,1.0,2.0,
94,R_5hfsgpVmDBRxfr5,stick,1.0,1.0,1.0,1.0,1.0,1.0,1.0,
95,R_5hfsgpVmDBRxfr5,bow tie,3.0,1.0,4.0,4.0,1.0,5.0,3.0,
96,R_5hfsgpVmDBRxfr5,bow,3.0,3.0,5.0,4.0,1.0,3.0,2.0,
97,R_5hfsgpVmDBRxfr5,butterfly,1.0,1.0,1.0,1.0,1.0,1.0,1.0,1.0
98,R_5hfsgpVmDBRxfr5,pregnancy,1.0,1.0,1.0,1.0,1.0,1.0,1.0,
99,R_5hfsgpVmDBRxfr5,person,3.6666666666666665,3.0,5.0,4.0,2.0,5.0,3.0,
100,R_5hfsgpVmDBRxfr5,tv,3.6666666666666665,3.0,4.0,2.0,4.0,4.0,5.0,
101,R_5hfsgpVmDBRxfr5,flagpole,1.6666666666666667,1.0,3.0,2.0,1.0,1.0,2.0,
102,R_5hfsgpVmDBRxfr5,hourglass,3.8333333333333335,5.0,4.0,5.0,4.0,1.0,4.0,
103,R_5hfsgpVmDBRxfr5,hat,2.0,1.0,4.0,1.0,2.0,2.0,2.0,
104,R_5hfsgpVmDBRxfr5,house,3.5,4.0,4.0,4.0,2.0,4.0,3.0,
105,R_7LLF8qLJV3UgQE1,stingray,1.0,1.0,1.0,1.0,1.0,1.0,1.0,1.0
106,R_7LLF8qLJV3UgQE1,butterfly,3.3333333333333335,3.0,3.0,5.0,3.0,4.0,2.0,
107,R_7LLF8qLJV3UgQE1,butterfly,3.2,2.0,4.0,1.0,5.0,4.0,,
108,R_7LLF8qLJV3UgQE1,ice cream,4.0,5.0,3.0,5.0,5.0,1.0,5.0,
109,R_7LLF8qLJV3UgQE1,lollipop,4.5,5.0,5.0,4.0,3.0,5.0,5.0,
110,R_7LLF8qLJV3UgQE1,windmill,1.0,1.0,1.0,1.0,1.0,1.0,1.0,1.0
111,R_7LLF8qLJV3UgQE1,boat,1.3333333333333333,2.0,1.0,1.0,2.0,1.0,1.0,
112,R_7LLF8qLJV3UgQE1,fish skeleton,3.6666666666666665,3.0,3.0,5.0,2.0,4.0,5.0,
113,R_7LLF8qLJV3UgQE1,ice cream,3.0,2.0,3.0,3.0,3.0,5.0,2.0,
114,R_7LLF8qLJV3UgQE1,bee,1.0,1.0,1.0,1.0,1.0,1.0,1.0,
115,R_7LLF8qLJV3UgQE1,snail,1.1666666666666667,1.0,1.0,1.0,1.0,2.0,1.0,
116,R_7LLF8qLJV3UgQE1,heart,4.333333333333333,3.0,5.0,5.0,4.0,5.0,4.0,
117,R_7LLF8qLJV3UgQE1,tulip,1.0,1.0,1.0,1.0,1.0,1.0,,
118,R_7LLF8qLJV3UgQE1,umbrella,4.833333333333333,5.0,5.0,5.0,4.0,5.0,5.0,
119,R_7LLF8qLJV3UgQE1,house,3.5,4.0,4.0,4.0,2.0,4.0,3.0,
120,R_78Z3gy1mcpQ6lpQ,rake,3.5714285714285716,2.0,4.0,5.0,2.0,2.0,5.0,5.0
121,R_78Z3gy1mcpQ6lpQ,cup,4.666666666666667,5.0,5.0,5.0,4.0,4.0,5.0,
122,R_78Z3gy1mcpQ6lpQ,ice cream,4.8,5.0,5.0,5.0,4.0,5.0,,
123,R_78Z3gy1mcpQ6lpQ,lollipop,4.5,5.0,5.0,4.0,3.0,5.0,5.0,
124,R_78Z3gy1mcpQ6lpQ,wine glass,5.0,5.0,5.0,5.0,5.0,5.0,,
125,R_78Z3gy1mcpQ6lpQ,plunger,3.6666666666666665,4.0,1.0,5.0,4.0,3.0,5.0,
126,R_78Z3gy1mcpQ6lpQ,film camera,2.2857142857142856,3.0,1.0,1.0,3.0,3.0,1.0,4.0
127,R_78Z3gy1mcpQ6lpQ,ice cream,4.166666666666667,5.0,5.0,5.0,4.0,4.0,2.0,
128,R_78Z3gy1mcpQ6lpQ,table,2.3333333333333335,2.0,3.0,2.0,2.0,2.0,3.0,
129,R_78Z3gy1mcpQ6lpQ,television,4.5,5.0,4.0,5.0,4.0,5.0,4.0,
130,R_78Z3gy1mcpQ6lpQ,umbrella,4.833333333333333,5.0,5.0,5.0,4.0,5.0,5.0,
131,R_78Z3gy1mcpQ6lpQ,house,3.5,4.0,4.0,4.0,2.0,4.0,3.0,
132,R_5WU8WIr7pguhYVA,glasses,1.8333333333333333,1.0,3.0,1.0,3.0,2.0,1.0,
133,R_5WU8WIr7pguhYVA,arrow,4.333333333333333,5.0,3.0,4.0,5.0,5.0,4.0,
134,R_5WU8WIr7pguhYVA,butterfly,3.3333333333333335,3.0,3.0,5.0,3.0,4.0,2.0,
135,R_5WU8WIr7pguhYVA,interval graph,1.1666666666666667,1.0,1.0,1.0,1.0,2.0,1.0,
136,R_5WU8WIr7pguhYVA,pentagon,3.0,1.0,5.0,3.0,1.0,5.0,,
137,R_5WU8WIr7pguhYVA,capital b,1.3333333333333333,1.0,1.0,2.0,1.0,1.0,2.0,
138,R_5WU8WIr7pguhYVA,triangle circle,3.6666666666666665,5.0,5.0,4.0,1.0,5.0,2.0,
139,R_5WU8WIr7pguhYVA,chair,3.5714285714285716,3.0,5.0,4.0,4.0,4.0,3.0,2.0
140,R_5WU8WIr7pguhYVA,shovel,3.6666666666666665,2.0,5.0,5.0,4.0,4.0,2.0,
141,R_5WU8WIr7pguhYVA,stick person,3.3333333333333335,3.0,2.0,5.0,4.0,3.0,3.0,
142,R_5WU8WIr7pguhYVA,luggage tag,1.5,1.0,2.0,1.0,1.0,1.0,3.0,
143,R_5WU8WIr7pguhYVA,circle square,1.5,1.0,2.0,3.0,1.0,1.0,1.0,
144,R_5WU8WIr7pguhYVA,yield sign,3.6666666666666665,5.0,5.0,3.0,2.0,3.0,4.0,
145,R_5WU8WIr7pguhYVA,hourglass,3.8333333333333335,5.0,4.0,5.0,4.0,1.0,4.0,
146,R_5WU8WIr7pguhYVA,house,3.5,4.0,4.0,4.0,2.0,4.0,3.0,
147,R_7iswQke6K35dZLP,ladder,5.0,5.0,5.0,5.0,5.0,5.0,5.0,
148,R_7iswQke6K35dZLP,glasses,1.8333333333333333,1.0,3.0,1.0,3.0,2.0,1.0,
149,R_7iswQke6K35dZLP,butterfly,1.0,1.0,1.0,1.0,1.0,1.0,1.0,
150,R_7iswQke6K35dZLP,glasses,3.3333333333333335,2.0,3.0,4.0,2.0,5.0,4.0,
151,R_7iswQke6K35dZLP,glasses,3.6666666666666665,4.0,2.0,5.0,4.0,4.0,3.0,
152,R_7iswQke6K35dZLP,fraction symbol,1.0,1.0,1.0,1.0,1.0,1.0,1.0,
153,R_7iswQke6K35dZLP,bow,4.857142857142857,5.0,5.0,5.0,5.0,5.0,4.0,5.0
154,R_7iswQke6K35dZLP,triangle,1.3333333333333333,1.0,1.0,3.0,1.0,1.0,1.0,
155,R_7iswQke6K35dZLP,ice cream,3.0,2.0,3.0,3.0,3.0,5.0,2.0,
156,R_7iswQke6K35dZLP,flower,1.3333333333333333,1.0,2.0,1.0,1.0,2.0,1.0,
157,R_7iswQke6K35dZLP,gift box,1.4,2.0,1.0,1.0,2.0,1.0,,
158,R_7iswQke6K35dZLP,small kite,2.0,3.0,2.0,1.0,1.0,3.0,2.0,
159,R_7iswQke6K35dZLP,martini glass,4.2,5.0,4.0,5.0,5.0,2.0,,
160,R_7iswQke6K35dZLP,house,3.5,4.0,4.0,4.0,2.0,4.0,3.0,
161,R_6g0EFev6t4FKlcE,glasses,2.8333333333333335,2.0,2.0,4.0,2.0,5.0,2.0,
162,R_6g0EFev6t4FKlcE,boat,1.0,1.0,1.0,1.0,1.0,1.0,1.0,
163,R_6g0EFev6t4FKlcE,boat,1.0,1.0,1.0,1.0,1.0,1.0,1.0,
164,R_6g0EFev6t4FKlcE,letter h,2.5,1.0,4.0,3.0,4.0,1.0,2.0,
165,R_6g0EFev6t4FKlcE,cone,1.3333333333333333,1.0,1.0,1.0,2.0,1.0,2.0,
166,R_6g0EFev6t4FKlcE,glasses,3.6666666666666665,4.0,2.0,5.0,4.0,4.0,3.0,
167,R_6g0EFev6t4FKlcE,flower,2.142857142857143,1.0,3.0,2.0,3.0,2.0,3.0,1.0
168,R_6g0EFev6t4FKlcE,hammer,1.0,1.0,1.0,1.0,1.0,1.0,1.0,
169,R_6g0EFev6t4FKlcE,balloon,1.1666666666666667,2.0,1.0,1.0,1.0,1.0,1.0,
170,R_6g0EFev6t4FKlcE,bird beak,1.3333333333333333,2.0,1.0,1.0,1.0,1.0,2.0,
171,R_6g0EFev6t4FKlcE,tv,3.6666666666666665,3.0,4.0,2.0,4.0,4.0,5.0,
172,R_6g0EFev6t4FKlcE,sword,1.0,1.0,1.0,1.0,1.0,1.0,1.0,
173,R_6g0EFev6t4FKlcE,key,1.1666666666666667,1.0,1.0,2.0,1.0,1.0,1.0,
174,R_6g0EFev6t4FKlcE,tulip,2.0,3.0,1.0,2.0,2.0,3.0,1.0,
175,R_6g0EFev6t4FKlcE,house,3.5,4.0,4.0,4.0,2.0,4.0,3.0,
176,R_5mBwuHcjIHstC01,cup,1.0,1.0,1.0,1.0,1.0,1.0,1.0,
177,R_5mBwuHcjIHstC01,sno-cone,4.833333333333333,5.0,4.0,5.0,5.0,5.0,5.0,
178,R_5mBwuHcjIHstC01,audio symbol,2.0,4.0,1.0,1.0,2.0,2.0,2.0,
179,R_5mBwuHcjIHstC01,stop sign,2.1666666666666665,1.0,2.0,4.0,2.0,2.0,2.0,
180,R_5mBwuHcjIHstC01,baketball hoop,1.6666666666666667,2.0,1.0,1.0,1.0,4.0,1.0,
181,R_5mBwuHcjIHstC01,lamp,1.8333333333333333,2.0,1.0,1.0,2.0,3.0,2.0,
182,R_5mBwuHcjIHstC01,hammer,1.0,1.0,1.0,1.0,1.0,1.0,1.0,1.0
183,R_5mBwuHcjIHstC01,ice cream,3.0,2.0,3.0,3.0,3.0,5.0,2.0,
184,R_5mBwuHcjIHstC01,mug,4.166666666666667,4.0,5.0,3.0,5.0,4.0,4.0,
185,R_5mBwuHcjIHstC01,tent,1.7142857142857142,1.0,3.0,1.0,1.0,1.0,1.0,4.0
186,R_5mBwuHcjIHstC01,heart,4.333333333333333,3.0,5.0,5.0,4.0,5.0,4.0,
187,R_5mBwuHcjIHstC01,electric tower,1.0,1.0,1.0,1.0,1.0,1.0,1.0,
188,R_5mBwuHcjIHstC01,tv,3.6666666666666665,3.0,4.0,2.0,4.0,4.0,5.0,
189,R_5mBwuHcjIHstC01,basketball hoop,1.0,1.0,1.0,1.0,1.0,1.0,1.0,
190,R_5mBwuHcjIHstC01,house,3.5,4.0,4.0,4.0,2.0,4.0,3.0,
191,R_7sEXibfidLgmOWd,house,3.6666666666666665,3.0,5.0,4.0,3.0,3.0,4.0,
192,R_7sEXibfidLgmOWd,ice cream,4.8,5.0,5.0,5.0,4.0,5.0,,
193,R_7sEXibfidLgmOWd,door,4.666666666666667,4.0,5.0,5.0,4.0,5.0,5.0,
194,R_7sEXibfidLgmOWd,shovel,3.6666666666666665,2.0,5.0,5.0,4.0,4.0,2.0,
195,R_7sEXibfidLgmOWd,snow man,1.2857142857142858,1.0,2.0,1.0,1.0,2.0,1.0,1.0
196,R_7sEXibfidLgmOWd,balloons,3.1666666666666665,3.0,3.0,2.0,4.0,2.0,5.0,
197,R_7sEXibfidLgmOWd,letter t,5.0,5.0,5.0,5.0,5.0,5.0,5.0,
198,R_7sEXibfidLgmOWd,stick figure,4.833333333333333,5.0,5.0,5.0,5.0,5.0,4.0,
199,R_7sEXibfidLgmOWd,boat,4.833333333333333,5.0,5.0,5.0,4.0,5.0,5.0,
200,R_7sEXibfidLgmOWd,house,3.5,4.0,4.0,4.0,2.0,4.0,3.0,
201,R_7Y5oIYgYMSPPwIa,cherries,1.1666666666666667,1.0,1.0,1.0,1.0,2.0,1.0,
202,R_7Y5oIYgYMSPPwIa,icecream cone,4.5,4.0,4.0,5.0,4.0,5.0,5.0,
203,R_7Y5oIYgYMSPPwIa,fish,1.8333333333333333,2.0,3.0,1.0,2.0,1.0,2.0,
204,R_7Y5oIYgYMSPPwIa,book,2.5,1.0,4.0,4.0,2.0,1.0,3.0,
205,R_7Y5oIYgYMSPPwIa,stool,1.7142857142857142,1.0,4.0,1.0,2.0,1.0,2.0,1.0
206,R_7Y5oIYgYMSPPwIa,fish,1.8333333333333333,2.0,2.0,3.0,1.0,1.0,2.0,
207,R_7Y5oIYgYMSPPwIa,speaker,1.8571428571428572,2.0,2.0,1.0,1.0,1.0,5.0,1.0
208,R_7Y5oIYgYMSPPwIa,clover,3.7142857142857144,2.0,3.0,3.0,5.0,3.0,5.0,5.0
209,R_7Y5oIYgYMSPPwIa,weather vane,1.5714285714285714,1.0,1.0,2.0,2.0,3.0,1.0,1.0
210,R_7Y5oIYgYMSPPwIa,fan,1.0,1.0,1.0,1.0,1.0,1.0,1.0,
211,R_7Y5oIYgYMSPPwIa,tee,2.8333333333333335,5.0,1.0,2.0,1.0,3.0,5.0,
212,R_7Y5oIYgYMSPPwIa,plant,1.0,1.0,1.0,1.0,1.0,1.0,1.0,
213,R_7Y5oIYgYMSPPwIa,sailboat,4.833333333333333,5.0,5.0,5.0,4.0,5.0,5.0,
214,R_7Y5oIYgYMSPPwIa,house,3.5,4.0,4.0,4.0,2.0,4.0,3.0,
215,R_3Jd1uTp9gkuwtOx,paris,1.0,1.0,1.0,1.0,1.0,1.0,1.0,
216,R_3Jd1uTp9gkuwtOx,bun,1.3333333333333333,1.0,1.0,1.0,1.0,3.0,1.0,
217,R_3Jd1uTp9gkuwtOx,square,1.1666666666666667,1.0,1.0,2.0,1.0,1.0,1.0,
218,R_3Jd1uTp9gkuwtOx,house,1.0,1.0,1.0,1.0,1.0,1.0,1.0,
219,R_3Jd1uTp9gkuwtOx,stake,1.0,1.0,1.0,1.0,1.0,1.0,1.0,
220,R_3Jd1uTp9gkuwtOx,point,1.1666666666666667,1.0,1.0,1.0,1.0,1.0,2.0,
221,R_3Jd1uTp9gkuwtOx,clock,4.666666666666667,5.0,4.0,5.0,4.0,5.0,5.0,
222,R_3Jd1uTp9gkuwtOx,square,2.5,2.0,3.0,3.0,2.0,2.0,3.0,
223,R_3Jd1uTp9gkuwtOx,cross,1.0,1.0,1.0,1.0,1.0,1.0,,
224,R_3Jd1uTp9gkuwtOx,concave,1.5,1.0,1.0,1.0,2.0,3.0,1.0,
225,R_3Jd1uTp9gkuwtOx,pie chart,2.0,4.0,1.0,3.0,1.0,2.0,1.0,
226,R_3Jd1uTp9gkuwtOx,hourglass,3.8333333333333335,5.0,4.0,5.0,4.0,1.0,4.0,
227,R_3Jd1uTp9gkuwtOx,angle,2.6666666666666665,4.0,1.0,2.0,4.0,1.0,4.0,
228,R_3Jd1uTp9gkuwtOx,house,3.5,4.0,4.0,4.0,2.0,4.0,3.0,
229,R_1NOosR37pJud2UA,spear,3.1666666666666665,2.0,2.0,1.0,5.0,4.0,5.0,
230,R_1NOosR37pJud2UA,hut,3.3333333333333335,3.0,3.0,3.0,3.0,5.0,3.0,
231,R_1NOosR37pJud2UA,ice cream,4.8,5.0,5.0,5.0,4.0,5.0,,
232,R_1NOosR37pJud2UA,icecream cone,4.5,4.0,4.0,5.0,4.0,5.0,5.0,
233,R_1NOosR37pJud2UA,traffic stop,2.0,2.0,3.0,2.0,3.0,1.0,1.0,
234,R_1NOosR37pJud2UA,number 7,1.0,1.0,1.0,1.0,1.0,1.0,1.0,
235,R_1NOosR37pJud2UA,letter p,3.1666666666666665,4.0,3.0,3.0,3.0,2.0,4.0,
236,R_1NOosR37pJud2UA,pan cover,1.8333333333333333,1.0,4.0,1.0,1.0,3.0,1.0,
237,R_1NOosR37pJud2UA,window,4.833333333333333,5.0,5.0,4.0,5.0,5.0,5.0,
238,R_1NOosR37pJud2UA,face,1.8333333333333333,4.0,2.0,2.0,1.0,1.0,1.0,
239,R_1NOosR37pJud2UA,hourglass,3.8333333333333335,5.0,4.0,5.0,4.0,1.0,4.0,
240,R_1NOosR37pJud2UA,ship sail,1.5,2.0,2.0,1.0,1.0,1.0,2.0,
241,R_1NOosR37pJud2UA,hut,3.6666666666666665,5.0,3.0,5.0,3.0,4.0,2.0,
242,R_16SaFYG3hG62QF3,letter d,2.0,2.0,1.0,1.0,2.0,4.0,2.0,
243,R_16SaFYG3hG62QF3,rake,3.5714285714285716,2.0,4.0,5.0,2.0,2.0,5.0,5.0
244,R_16SaFYG3hG62QF3,umbrella,1.5,1.0,1.0,1.0,1.0,2.0,3.0,
245,R_16SaFYG3hG62QF3,mushroom,1.1428571428571428,1.0,2.0,1.0,1.0,1.0,1.0,1.0
246,R_16SaFYG3hG62QF3,face,1.0,1.0,1.0,1.0,1.0,1.0,1.0,
247,R_16SaFYG3hG62QF3,ant,1.3333333333333333,1.0,1.0,1.0,3.0,1.0,1.0,
248,R_16SaFYG3hG62QF3,chair,3.5714285714285716,3.0,5.0,4.0,4.0,4.0,3.0,2.0
249,R_16SaFYG3hG62QF3,letter c,1.0,1.0,1.0,1.0,1.0,1.0,,
250,R_16SaFYG3hG62QF3,flag,4.333333333333333,5.0,1.0,5.0,5.0,5.0,5.0,
251,R_16SaFYG3hG62QF3,glasses,3.6666666666666665,4.0,2.0,5.0,4.0,4.0,3.0,
252,R_16SaFYG3hG62QF3,face,1.5,3.0,1.0,1.0,2.0,1.0,1.0,
253,R_16SaFYG3hG62QF3,cat,1.0,1.0,1.0,1.0,1.0,1.0,1.0,
254,R_16SaFYG3hG62QF3,robot,2.6666666666666665,4.0,2.0,2.0,3.0,3.0,2.0,
255,R_16SaFYG3hG62QF3,ant,1.0,1.0,1.0,1.0,1.0,1.0,1.0,
256,R_16SaFYG3hG62QF3,hut,3.6666666666666665,5.0,3.0,5.0,3.0,4.0,2.0,
257,R_5Phftz7eKxQRBg1,ladder,5.0,5.0,5.0,5.0,5.0,5.0,5.0,
258,R_5Phftz7eKxQRBg1,glasses,1.8333333333333333,1.0,3.0,1.0,3.0,2.0,1.0,
259,R_5Phftz7eKxQRBg1,flower,1.0,1.0,1.0,1.0,1.0,1.0,1.0,
260,R_5Phftz7eKxQRBg1,martini glass,4.333333333333333,3.0,4.0,5.0,5.0,4.0,5.0,
261,R_5Phftz7eKxQRBg1,house,3.6666666666666665,3.0,5.0,4.0,3.0,3.0,4.0,
262,R_5Phftz7eKxQRBg1,belt buckle,3.0,3.0,3.0,2.0,5.0,4.0,1.0,
263,R_5Phftz7eKxQRBg1,glasses,3.6666666666666665,4.0,2.0,5.0,4.0,4.0,3.0,
264,R_5Phftz7eKxQRBg1,stick figure,3.4285714285714284,3.0,1.0,5.0,4.0,3.0,5.0,3.0
265,R_5Phftz7eKxQRBg1,martini glass,4.666666666666667,5.0,4.0,4.0,5.0,5.0,5.0,
266,R_5Phftz7eKxQRBg1,point right,2.1666666666666665,2.0,1.0,3.0,4.0,1.0,2.0,
267,R_5Phftz7eKxQRBg1,directional marker right,1.3333333333333333,1.0,1.0,1.0,1.0,3.0,1.0,
268,R_5Phftz7eKxQRBg1,keychain,1.3333333333333333,1.0,2.0,1.0,1.0,1.0,2.0,
269,R_5Phftz7eKxQRBg1,keychain,1.6666666666666667,4.0,2.0,1.0,1.0,1.0,1.0,
270,R_5Phftz7eKxQRBg1,clock,4.666666666666667,4.0,5.0,5.0,4.0,5.0,5.0,
271,R_5Phftz7eKxQRBg1,party hat,2.0,2.0,3.0,2.0,2.0,1.0,2.0,
272,R_5hxwR1AIkCiK5YQ,hash,1.0,1.0,1.0,1.0,1.0,1.0,1.0,
273,R_5hxwR1AIkCiK5YQ,eyeglasses,3.0,1.0,5.0,4.0,3.0,2.0,2.0,4.0
274,R_5hxwR1AIkCiK5YQ,glasses,3.3333333333333335,2.0,3.0,4.0,2.0,5.0,4.0,
275,R_5hxwR1AIkCiK5YQ,harmer,1.1666666666666667,1.0,1.0,1.0,1.0,2.0,1.0,
276,R_5hxwR1AIkCiK5YQ,circle,1.0,1.0,1.0,1.0,1.0,1.0,1.0,
277,R_5hxwR1AIkCiK5YQ,spade,1.1666666666666667,1.0,1.0,2.0,1.0,1.0,1.0,
278,R_5hxwR1AIkCiK5YQ,catapult,1.0,1.0,1.0,1.0,1.0,1.0,,
279,R_5hxwR1AIkCiK5YQ,beak,1.3333333333333333,1.0,1.0,2.0,2.0,1.0,1.0,
280,R_5hxwR1AIkCiK5YQ,spoon,1.1666666666666667,1.0,1.0,1.0,1.0,2.0,1.0,
281,R_5hxwR1AIkCiK5YQ,spade,1.0,1.0,1.0,1.0,1.0,1.0,1.0,
282,R_5hxwR1AIkCiK5YQ,not equal,1.5,3.0,1.0,1.0,1.0,1.0,2.0,
283,R_5hxwR1AIkCiK5YQ,umbrella,4.833333333333333,5.0,5.0,5.0,4.0,5.0,5.0,
284,R_5hxwR1AIkCiK5YQ,television,1.1666666666666667,1.0,1.0,1.0,2.0,1.0,1.0,
285,R_7jrDLd1FIMqRkxj,ant,1.0,1.0,1.0,1.0,1.0,1.0,1.0,
286,R_7jrDLd1FIMqRkxj,butterfly,3.2,2.0,4.0,1.0,5.0,4.0,,
287,R_7jrDLd1FIMqRkxj,trapezium,1.8333333333333333,2.0,1.0,1.0,2.0,4.0,1.0,
288,R_7jrDLd1FIMqRkxj,dollar sign,1.3333333333333333,1.0,2.0,2.0,1.0,1.0,1.0,
289,R_7jrDLd1FIMqRkxj,scissors,3.5,3.0,4.0,3.0,5.0,2.0,4.0,
290,R_7jrDLd1FIMqRkxj,ice cream,3.0,2.0,3.0,3.0,3.0,5.0,2.0,
291,R_7jrDLd1FIMqRkxj,bucket,1.0,1.0,1.0,1.0,1.0,1.0,1.0,1.0
292,R_7jrDLd1FIMqRkxj,cup,3.8333333333333335,4.0,2.0,5.0,4.0,5.0,3.0,
293,R_7jrDLd1FIMqRkxj,oval,1.8571428571428572,2.0,1.0,3.0,1.0,2.0,1.0,3.0
294,R_7jrDLd1FIMqRkxj,love,3.3333333333333335,5.0,3.0,3.0,4.0,2.0,3.0,
295,R_7jrDLd1FIMqRkxj,tv,3.6666666666666665,3.0,4.0,2.0,4.0,4.0,5.0,
296,R_7jrDLd1FIMqRkxj,music clef,3.6666666666666665,5.0,1.0,3.0,3.0,5.0,5.0,
297,R_7jrDLd1FIMqRkxj,umbrella,4.833333333333333,5.0,5.0,5.0,4.0,5.0,5.0,
298,R_7jrDLd1FIMqRkxj,trapezium,1.8333333333333333,1.0,3.0,2.0,2.0,1.0,2.0,
299,R_5fIoIo9ELuQ1U1M,butterfly,3.2,2.0,4.0,1.0,5.0,4.0,,
300,R_5fIoIo9ELuQ1U1M,half circle,1.1666666666666667,2.0,1.0,1.0,1.0,1.0,1.0,
301,R_5fIoIo9ELuQ1U1M,cube,1.1666666666666667,1.0,1.0,1.0,1.0,1.0,2.0,
302,R_5fIoIo9ELuQ1U1M,pie,1.2,1.0,1.0,1.0,2.0,1.0,,
303,R_5fIoIo9ELuQ1U1M,sphere,1.0,1.0,1.0,1.0,1.0,1.0,1.0,
304,R_5fIoIo9ELuQ1U1M,straight line,1.2,1.0,1.0,1.0,2.0,1.0,,
305,R_5fIoIo9ELuQ1U1M,eyeglasses,3.5,3.0,4.0,2.0,5.0,3.0,4.0,
306,R_5fIoIo9ELuQ1U1M,circle,2.1666666666666665,2.0,2.0,2.0,2.0,2.0,3.0,
307,R_5fIoIo9ELuQ1U1M,berry,1.3333333333333333,1.0,1.0,1.0,1.0,3.0,1.0,
308,R_5fIoIo9ELuQ1U1M,ice cream,4.166666666666667,5.0,5.0,5.0,4.0,4.0,2.0,
309,R_5fIoIo9ELuQ1U1M,clock,4.666666666666667,5.0,4.0,5.0,4.0,5.0,5.0,
310,R_5fIoIo9ELuQ1U1M,love,3.3333333333333335,5.0,3.0,3.0,4.0,2.0,3.0,
311,R_5fIoIo9ELuQ1U1M,doll,3.6666666666666665,2.0,3.0,4.0,5.0,4.0,4.0,
312,R_5fIoIo9ELuQ1U1M,radius,1.0,1.0,1.0,1.0,1.0,1.0,1.0,
313,R_5fIoIo9ELuQ1U1M,trapezium,1.8333333333333333,1.0,3.0,2.0,2.0,1.0,2.0,
314,R_35MZhXTsEy0Q8Ct,ladder,5.0,5.0,5.0,5.0,5.0,5.0,5.0,
315,R_35MZhXTsEy0Q8Ct,glasses,1.8333333333333333,1.0,3.0,1.0,3.0,2.0,1.0,
316,R_35MZhXTsEy0Q8Ct,bra,1.6666666666666667,3.0,1.0,2.0,1.0,1.0,2.0,
317,R_35MZhXTsEy0Q8Ct,glasses,3.3333333333333335,2.0,3.0,4.0,2.0,5.0,4.0,
318,R_35MZhXTsEy0Q8Ct,person,3.6666666666666665,4.0,4.0,2.0,3.0,5.0,4.0,
319,R_35MZhXTsEy0Q8Ct,glasses,3.6666666666666665,4.0,2.0,5.0,4.0,4.0,3.0,
320,R_35MZhXTsEy0Q8Ct,scarecrow,1.0,1.0,1.0,1.0,1.0,1.0,1.0,1.0
321,R_35MZhXTsEy0Q8Ct,glasses on nose,1.8,1.0,2.0,3.0,1.0,2.0,,
322,R_35MZhXTsEy0Q8Ct,arrow,2.8333333333333335,2.0,2.0,3.0,4.0,3.0,3.0,
323,R_35MZhXTsEy0Q8Ct,ice cream cone,3.3333333333333335,2.0,4.0,4.0,4.0,1.0,5.0,
324,R_35MZhXTsEy0Q8Ct,ice cream cone,4.166666666666667,4.0,5.0,5.0,4.0,2.0,5.0,
325,R_35MZhXTsEy0Q8Ct,turtle,1.2857142857142858,1.0,1.0,1.0,1.0,1.0,1.0,3.0
326,R_35MZhXTsEy0Q8Ct,ladybug,1.0,1.0,1.0,1.0,1.0,1.0,1.0,
327,R_35MZhXTsEy0Q8Ct,coat rack,1.6666666666666667,1.0,2.0,1.0,3.0,2.0,1.0,
328,R_35MZhXTsEy0Q8Ct,tv,1.1666666666666667,2.0,1.0,1.0,1.0,1.0,1.0,
329,R_6P7TbV4CF3UQq2I,circle,1.5,1.0,1.0,2.0,2.0,2.0,1.0,
330,R_6P7TbV4CF3UQq2I,house,1.1666666666666667,1.0,1.0,1.0,1.0,1.0,2.0,
331,R_6P7TbV4CF3UQq2I,sign,1.1666666666666667,2.0,1.0,1.0,1.0,1.0,1.0,
332,R_6P7TbV4CF3UQq2I,house,3.6666666666666665,3.0,5.0,4.0,3.0,3.0,4.0,
333,R_6P7TbV4CF3UQq2I,boat,1.0,1.0,1.0,1.0,1.0,1.0,1.0,
334,R_6P7TbV4CF3UQq2I,box,2.6666666666666665,2.0,2.0,3.0,2.0,5.0,2.0,
335,R_6P7TbV4CF3UQq2I,arrow,2.3333333333333335,1.0,3.0,2.0,4.0,3.0,1.0,
336,R_6P7TbV4CF3UQq2I,man,1.0,1.0,1.0,1.0,1.0,1.0,1.0,
337,R_6P7TbV4CF3UQq2I,swing,1.0,1.0,1.0,1.0,1.0,1.0,1.0,
338,R_6P7TbV4CF3UQq2I,crosshair,1.0,1.0,1.0,1.0,1.0,1.0,1.0,
339,R_6P7TbV4CF3UQq2I,cross,1.0,1.0,1.0,1.0,1.0,1.0,,
340,R_6P7TbV4CF3UQq2I,boat,4.833333333333333,5.0,5.0,5.0,4.0,5.0,5.0,
341,R_6P7TbV4CF3UQq2I,tv,1.1666666666666667,2.0,1.0,1.0,1.0,1.0,1.0,
342,R_5iOMXXK1u9zcmXQ,ladder,5.0,5.0,5.0,5.0,5.0,5.0,5.0,
343,R_5iOMXXK1u9zcmXQ,glasses,1.8333333333333333,1.0,3.0,1.0,3.0,2.0,1.0,
344,R_5iOMXXK1u9zcmXQ,tent,1.3333333333333333,1.0,1.0,1.0,1.0,1.0,3.0,
345,R_5iOMXXK1u9zcmXQ,butterfly,3.3333333333333335,3.0,3.0,5.0,3.0,4.0,2.0,
346,R_5iOMXXK1u9zcmXQ,trident,4.333333333333333,2.0,5.0,4.0,5.0,5.0,5.0,
347,R_5iOMXXK1u9zcmXQ,cone,2.3333333333333335,1.0,2.0,4.0,2.0,4.0,1.0,
348,R_5iOMXXK1u9zcmXQ,person,2.1666666666666665,2.0,2.0,2.0,2.0,1.0,4.0,
349,R_5iOMXXK1u9zcmXQ,wine glass,5.0,5.0,5.0,5.0,5.0,5.0,,
350,R_5iOMXXK1u9zcmXQ,ice cream,4.166666666666667,5.0,5.0,5.0,4.0,4.0,2.0,
351,R_5iOMXXK1u9zcmXQ,cup,4.333333333333333,4.0,4.0,4.0,5.0,5.0,4.0,
352,R_5iOMXXK1u9zcmXQ,logo,1.6666666666666667,2.0,1.0,1.0,1.0,1.0,4.0,
353,R_5iOMXXK1u9zcmXQ,hourglass,3.8333333333333335,5.0,4.0,5.0,4.0,1.0,4.0,
354,R_5iOMXXK1u9zcmXQ,umbrella,4.833333333333333,5.0,5.0,5.0,4.0,5.0,5.0,
355,R_5iOMXXK1u9zcmXQ,canopy,2.8333333333333335,4.0,5.0,3.0,2.0,2.0,1.0,
356,R_67re1CUSK65lHix,door knob,1.0,1.0,1.0,1.0,1.0,1.0,1.0,
357,R_67re1CUSK65lHix,number 10,1.0,1.0,1.0,1.0,1.0,1.0,1.0,
358,R_67re1CUSK65lHix,arrow,4.333333333333333,5.0,3.0,4.0,5.0,5.0,4.0,
359,R_67re1CUSK65lHix,stairs,1.0,1.0,1.0,1.0,1.0,1.0,1.0,
360,R_67re1CUSK65lHix,dustpan,1.5,1.0,1.0,1.0,2.0,3.0,1.0,
361,R_67re1CUSK65lHix,letter f,1.0,1.0,1.0,1.0,1.0,1.0,1.0,
362,R_67re1CUSK65lHix,bicycle,1.0,1.0,1.0,1.0,1.0,1.0,1.0,
363,R_67re1CUSK65lHix,circled triangle,1.5,3.0,1.0,1.0,1.0,1.0,2.0,
364,R_67re1CUSK65lHix,traffic light,1.5,2.0,2.0,1.0,1.0,1.0,2.0,
365,R_67re1CUSK65lHix,window,4.833333333333333,5.0,5.0,4.0,5.0,5.0,5.0,
366,R_67re1CUSK65lHix,lg symbol,1.8333333333333333,2.0,3.0,2.0,1.0,1.0,2.0,
367,R_67re1CUSK65lHix,bridge,1.0,1.0,1.0,1.0,1.0,1.0,1.0,
368,R_67re1CUSK65lHix,television,4.5,5.0,4.0,5.0,4.0,5.0,4.0,
369,R_67re1CUSK65lHix,heavy lift,1.3333333333333333,1.0,3.0,1.0,1.0,1.0,1.0,
370,R_67re1CUSK65lHix,chimney,1.3333333333333333,1.0,3.0,1.0,1.0,1.0,1.0,
371,R_616NzOp9CQR5coo,fork,3.5,4.0,2.0,3.0,4.0,4.0,4.0,
372,R_616NzOp9CQR5coo,shovel,2.5714285714285716,2.0,2.0,3.0,2.0,3.0,4.0,2.0
373,R_616NzOp9CQR5coo,letter n,1.1666666666666667,1.0,1.0,2.0,1.0,1.0,1.0,
374,R_616NzOp9CQR5coo,triangle,1.0,1.0,1.0,1.0,1.0,1.0,1.0,
375,R_616NzOp9CQR5coo,triangle,1.5,1.0,3.0,2.0,1.0,1.0,1.0,
376,R_616NzOp9CQR5coo,2 squares,1.2857142857142858,1.0,1.0,1.0,1.0,1.0,1.0,3.0
377,R_616NzOp9CQR5coo,face,1.6666666666666667,2.0,3.0,2.0,1.0,1.0,1.0,
378,R_616NzOp9CQR5coo,shovel,3.6666666666666665,2.0,5.0,5.0,4.0,4.0,2.0,
379,R_616NzOp9CQR5coo,bow tie,2.3333333333333335,2.0,4.0,1.0,3.0,1.0,3.0,
380,R_616NzOp9CQR5coo,bucket,1.7142857142857142,1.0,3.0,1.0,3.0,2.0,1.0,1.0
381,R_616NzOp9CQR5coo,letter x,1.0,1.0,1.0,1.0,1.0,1.0,1.0,1.0
382,R_616NzOp9CQR5coo,tree,4.0,5.0,4.0,4.0,4.0,2.0,5.0,
383,R_5IME3bnJF5C8vPK,ladder,5.0,5.0,5.0,5.0,5.0,5.0,5.0,
384,R_5IME3bnJF5C8vPK,kanji,1.6666666666666667,1.0,1.0,1.0,3.0,1.0,3.0,
385,R_5IME3bnJF5C8vPK,car,1.0,1.0,1.0,1.0,1.0,1.0,1.0,
386,R_5IME3bnJF5C8vPK,oval,1.1666666666666667,1.0,1.0,1.0,2.0,1.0,1.0,
387,R_5IME3bnJF5C8vPK,rectangle,1.0,1.0,1.0,1.0,1.0,1.0,1.0,
388,R_5IME3bnJF5C8vPK,circle,1.3333333333333333,1.0,1.0,1.0,1.0,2.0,2.0,
389,R_5IME3bnJF5C8vPK,bell,3.6666666666666665,4.0,5.0,4.0,4.0,3.0,2.0,
390,R_5IME3bnJF5C8vPK,face,2.0,2.0,2.0,2.0,2.0,2.0,2.0,
391,R_5IME3bnJF5C8vPK,triangle,1.3333333333333333,1.0,1.0,3.0,1.0,1.0,1.0,
392,R_5IME3bnJF5C8vPK,square,4.166666666666667,5.0,5.0,4.0,5.0,2.0,4.0,
393,R_5IME3bnJF5C8vPK,letter f,5.0,5.0,5.0,5.0,5.0,5.0,5.0,5.0
394,R_5IME3bnJF5C8vPK,key,2.6666666666666665,2.0,3.0,2.0,2.0,3.0,4.0,
395,R_5IME3bnJF5C8vPK,diagram,1.6,2.0,1.0,1.0,3.0,1.0,,
396,R_5IME3bnJF5C8vPK,umbrella,4.833333333333333,5.0,5.0,5.0,4.0,5.0,5.0,
397,R_5IME3bnJF5C8vPK,arrow,2.1666666666666665,2.0,2.0,2.0,2.0,3.0,2.0,
398,R_7D6TWTVSx8Nbnl3,glasses,1.8333333333333333,1.0,3.0,1.0,3.0,2.0,1.0,
399,R_7D6TWTVSx8Nbnl3,glasses,2.3333333333333335,4.0,1.0,2.0,3.0,1.0,3.0,
400,R_7D6TWTVSx8Nbnl3,butterfly,3.2,2.0,4.0,1.0,5.0,4.0,,
401,R_7D6TWTVSx8Nbnl3,fork,3.5,4.0,2.0,3.0,4.0,4.0,4.0,
402,R_7D6TWTVSx8Nbnl3,person,4.0,5.0,4.0,3.0,4.0,5.0,3.0,
403,R_7D6TWTVSx8Nbnl3,flower,2.5714285714285716,2.0,4.0,1.0,2.0,2.0,2.0,5.0
404,R_7D6TWTVSx8Nbnl3,person,2.1666666666666665,2.0,2.0,2.0,2.0,1.0,4.0,
405,R_7D6TWTVSx8Nbnl3,shovel,3.6666666666666665,2.0,4.0,4.0,5.0,4.0,3.0,
406,R_7D6TWTVSx8Nbnl3,bow,4.857142857142857,5.0,5.0,5.0,5.0,5.0,4.0,5.0
407,R_7D6TWTVSx8Nbnl3,ice cream,4.166666666666667,5.0,5.0,5.0,4.0,4.0,2.0,
408,R_7D6TWTVSx8Nbnl3,radio,2.5,2.0,2.0,5.0,4.0,1.0,1.0,
409,R_7D6TWTVSx8Nbnl3,number 6,1.0,1.0,1.0,1.0,1.0,1.0,1.0,
410,R_7D6TWTVSx8Nbnl3,hourglass,3.8333333333333335,5.0,4.0,5.0,4.0,1.0,4.0,
411,R_7D6TWTVSx8Nbnl3,arrow,2.1666666666666665,2.0,2.0,2.0,2.0,3.0,2.0,
412,R_3zpB5H3IbG7VP2T,hummer,1.0,1.0,1.0,1.0,1.0,1.0,1.0,
413,R_3zpB5H3IbG7VP2T,rake,3.5,5.0,5.0,3.0,3.0,3.0,2.0,
414,R_3zpB5H3IbG7VP2T,two squares,1.0,1.0,1.0,1.0,1.0,1.0,,
415,R_3zpB5H3IbG7VP2T,parachute,2.8,4.0,3.0,3.0,3.0,1.0,,
416,R_3zpB5H3IbG7VP2T,vessel,1.1666666666666667,1.0,1.0,1.0,1.0,2.0,1.0,
417,R_3zpB5H3IbG7VP2T,kite,1.6666666666666667,3.0,1.0,2.0,1.0,2.0,1.0,
418,R_3zpB5H3IbG7VP2T,letter h,2.5,1.0,4.0,3.0,4.0,1.0,2.0,
419,R_3zpB5H3IbG7VP2T,bed,2.5,4.0,2.0,4.0,3.0,1.0,1.0,
420,R_3zpB5H3IbG7VP2T,roof shape,2.3333333333333335,2.0,3.0,1.0,5.0,2.0,1.0,
421,R_3zpB5H3IbG7VP2T,fruit basket,2.0,3.0,2.0,3.0,2.0,1.0,1.0,
422,R_3zpB5H3IbG7VP2T,pouch,1.3333333333333333,1.0,1.0,2.0,1.0,2.0,1.0,
423,R_3zpB5H3IbG7VP2T,chair,1.3333333333333333,1.0,1.0,1.0,1.0,3.0,1.0,
424,R_3zpB5H3IbG7VP2T,music clef,3.6666666666666665,5.0,1.0,3.0,3.0,5.0,5.0,
425,R_3zpB5H3IbG7VP2T,arrow,2.1666666666666665,2.0,2.0,2.0,2.0,3.0,2.0,
426,R_7urH6KcIAcTkWCB,ladder,5.0,5.0,5.0,5.0,5.0,5.0,5.0,
427,R_7urH6KcIAcTkWCB,butterfly,3.3333333333333335,3.0,3.0,5.0,3.0,4.0,2.0,
428,R_7urH6KcIAcTkWCB,church,1.5,3.0,2.0,1.0,1.0,1.0,1.0,
429,R_7urH6KcIAcTkWCB,woman,1.5,2.0,1.0,1.0,2.0,1.0,2.0,
430,R_7urH6KcIAcTkWCB,person,3.6666666666666665,4.0,4.0,2.0,3.0,5.0,4.0,
431,R_7urH6KcIAcTkWCB,lollipop,4.5,5.0,5.0,4.0,3.0,5.0,5.0,
432,R_7urH6KcIAcTkWCB,flag,4.333333333333333,5.0,1.0,5.0,5.0,5.0,5.0,
433,R_7urH6KcIAcTkWCB,spade,2.0,3.0,1.0,1.0,1.0,5.0,1.0,
434,R_7urH6KcIAcTkWCB,scissors,4.0,4.0,4.0,2.0,5.0,5.0,4.0,
435,R_7urH6KcIAcTkWCB,mountain,1.0,1.0,1.0,1.0,1.0,1.0,1.0,
436,R_7urH6KcIAcTkWCB,mountain,1.1666666666666667,1.0,1.0,1.0,2.0,1.0,1.0,
437,R_7urH6KcIAcTkWCB,wine glass,4.0,5.0,5.0,4.0,3.0,4.0,3.0,
438,R_7urH6KcIAcTkWCB,clock,4.666666666666667,4.0,5.0,5.0,4.0,5.0,5.0,
439,R_7urH6KcIAcTkWCB,arrow,2.1666666666666665,2.0,2.0,2.0,2.0,3.0,2.0,
440,R_1mczKBtg2GsAMRr,train track,3.6666666666666665,4.0,3.0,2.0,5.0,4.0,4.0,
441,R_1mczKBtg2GsAMRr,ant,1.2857142857142858,1.0,1.0,1.0,1.0,1.0,3.0,1.0
442,R_1mczKBtg2GsAMRr,cup,3.5,5.0,5.0,5.0,4.0,1.0,1.0,
443,R_1mczKBtg2GsAMRr,chair,3.2857142857142856,2.0,4.0,4.0,2.0,4.0,4.0,3.0
444,R_1mczKBtg2GsAMRr,triangle,1.5,1.0,3.0,2.0,1.0,1.0,1.0,
445,R_1mczKBtg2GsAMRr,glasses,3.6666666666666665,4.0,2.0,5.0,4.0,4.0,3.0,
446,R_1mczKBtg2GsAMRr,shovel,3.6666666666666665,2.0,4.0,4.0,5.0,4.0,3.0,
447,R_1mczKBtg2GsAMRr,face,2.0,2.0,2.0,2.0,2.0,2.0,2.0,
448,R_1mczKBtg2GsAMRr,balloons,3.0,3.0,2.0,3.0,2.0,5.0,3.0,
449,R_1mczKBtg2GsAMRr,clock,4.666666666666667,5.0,4.0,5.0,4.0,5.0,5.0,
450,R_1mczKBtg2GsAMRr,mouse,4.5,4.0,4.0,5.0,5.0,5.0,4.0,
451,R_1mczKBtg2GsAMRr,tv,3.6666666666666665,3.0,4.0,2.0,4.0,4.0,5.0,
452,R_1mczKBtg2GsAMRr,eyeball,1.1428571428571428,2.0,1.0,1.0,1.0,1.0,1.0,1.0
453,R_1mczKBtg2GsAMRr,arrow,2.1666666666666665,2.0,2.0,2.0,2.0,3.0,2.0,
454,R_3VJvcRXM4mhNG0x,tree,3.6666666666666665,4.0,3.0,4.0,3.0,5.0,3.0,
455,R_3VJvcRXM4mhNG0x,butterfly,3.2,2.0,4.0,1.0,5.0,4.0,,
456,R_3VJvcRXM4mhNG0x,wine glass,5.0,5.0,5.0,5.0,5.0,5.0,5.0,
457,R_3VJvcRXM4mhNG0x,head and shoulders,4.0,4.0,4.0,5.0,5.0,3.0,3.0,
458,R_3VJvcRXM4mhNG0x,chair,3.2857142857142856,2.0,4.0,4.0,2.0,4.0,4.0,3.0
459,R_3VJvcRXM4mhNG0x,eyeglasses,3.5,3.0,4.0,2.0,5.0,3.0,4.0,
460,R_3VJvcRXM4mhNG0x,bird feet.,4.0,5.0,4.0,2.0,5.0,4.0,4.0,
461,R_3VJvcRXM4mhNG0x,clover,3.7142857142857144,2.0,3.0,3.0,5.0,3.0,5.0,5.0
462,R_3VJvcRXM4mhNG0x,window,4.833333333333333,5.0,5.0,4.0,5.0,5.0,5.0,
463,R_3VJvcRXM4mhNG0x,clock,4.666666666666667,5.0,4.0,5.0,4.0,5.0,5.0,
464,R_3VJvcRXM4mhNG0x,lightbulb,2.1666666666666665,2.0,2.0,3.0,2.0,1.0,3.0,
465,R_3VJvcRXM4mhNG0x,heart,4.333333333333333,3.0,5.0,5.0,4.0,5.0,4.0,
466,R_3VJvcRXM4mhNG0x,stick person,5.0,5.0,5.0,5.0,5.0,5.0,5.0,
467,R_3VJvcRXM4mhNG0x,music note,4.333333333333333,5.0,5.0,4.0,5.0,3.0,4.0,
468,R_3VJvcRXM4mhNG0x,beach umbrella,3.4285714285714284,4.0,3.0,3.0,4.0,4.0,3.0,3.0
469,R_3fZQKPrA5XxeCM0,umbrella,1.0,1.0,1.0,1.0,1.0,1.0,1.0,
470,R_3fZQKPrA5XxeCM0,vase,1.0,1.0,1.0,1.0,1.0,1.0,1.0,
471,R_3fZQKPrA5XxeCM0,necklace,1.3333333333333333,1.0,1.0,2.0,2.0,1.0,1.0,
472,R_3fZQKPrA5XxeCM0,flower pot,1.0,1.0,1.0,1.0,1.0,1.0,1.0,
473,R_3fZQKPrA5XxeCM0,person,1.8,2.0,4.0,1.0,1.0,1.0,,
474,R_3fZQKPrA5XxeCM0,bow,4.857142857142857,5.0,5.0,5.0,5.0,5.0,4.0,5.0
475,R_3fZQKPrA5XxeCM0,cone,2.3333333333333335,3.0,2.0,4.0,2.0,1.0,2.0,
476,R_3fZQKPrA5XxeCM0,box ear,1.1666666666666667,1.0,2.0,1.0,1.0,1.0,1.0,
477,R_3fZQKPrA5XxeCM0,pie chain,1.5,1.0,2.0,1.0,3.0,1.0,1.0,
478,R_3fZQKPrA5XxeCM0,cross circle,1.1428571428571428,1.0,1.0,1.0,1.0,1.0,2.0,1.0
479,R_3fZQKPrA5XxeCM0,heart,4.333333333333333,3.0,5.0,5.0,4.0,5.0,4.0,
480,R_3fZQKPrA5XxeCM0,sailboat,4.833333333333333,5.0,5.0,5.0,4.0,5.0,5.0,
481,R_3fZQKPrA5XxeCM0,wine glass,4.0,5.0,5.0,4.0,3.0,4.0,3.0,
482,R_3fZQKPrA5XxeCM0,hourglass,3.8333333333333335,5.0,4.0,5.0,4.0,1.0,4.0,
483,R_3fZQKPrA5XxeCM0,tree,4.0,5.0,4.0,4.0,4.0,2.0,5.0,
484,R_6G88HMPnMd2CyLe,butterfly,3.3333333333333335,3.0,3.0,5.0,3.0,4.0,2.0,
485,R_6G88HMPnMd2CyLe,pitchfork,4.5,4.0,5.0,4.0,5.0,4.0,5.0,
486,R_6G88HMPnMd2CyLe,butterfly,1.0,1.0,1.0,1.0,1.0,1.0,1.0,
487,R_6G88HMPnMd2CyLe,chair,3.5714285714285716,3.0,5.0,4.0,4.0,4.0,3.0,2.0
488,R_6G88HMPnMd2CyLe,chair,3.2857142857142856,2.0,4.0,4.0,2.0,4.0,4.0,3.0
489,R_6G88HMPnMd2CyLe,wine glass,5.0,5.0,5.0,5.0,5.0,5.0,,
490,R_6G88HMPnMd2CyLe,ice cream cone,3.3333333333333335,2.0,4.0,4.0,4.0,1.0,5.0,
491,R_6G88HMPnMd2CyLe,dragon fly,1.3333333333333333,1.0,1.0,2.0,1.0,2.0,1.0,
492,R_6G88HMPnMd2CyLe,window,4.833333333333333,5.0,5.0,4.0,5.0,5.0,5.0,
493,R_6G88HMPnMd2CyLe,computer mouse,5.0,5.0,5.0,5.0,5.0,5.0,5.0,
494,R_6G88HMPnMd2CyLe,m triangle,2.6666666666666665,5.0,1.0,3.0,2.0,2.0,3.0,
495,R_6G88HMPnMd2CyLe,stickman,5.0,5.0,5.0,5.0,5.0,5.0,5.0,
496,R_6G88HMPnMd2CyLe,stacked triangles,2.8333333333333335,5.0,2.0,1.0,4.0,2.0,3.0,
497,R_6G88HMPnMd2CyLe,tree,4.0,5.0,4.0,4.0,4.0,2.0,5.0,
498,R_7ikqRNbiqOG98sh,arrow,4.333333333333333,5.0,3.0,4.0,5.0,5.0,4.0,
499,R_7ikqRNbiqOG98sh,square,1.1666666666666667,2.0,1.0,1.0,1.0,1.0,1.0,
500,R_7ikqRNbiqOG98sh,bed,2.5,4.0,2.0,4.0,3.0,1.0,1.0,
501,R_7ikqRNbiqOG98sh,bow tie,2.3333333333333335,2.0,4.0,1.0,3.0,1.0,3.0,
502,R_7ikqRNbiqOG98sh,face,2.1666666666666665,3.0,1.0,4.0,1.0,3.0,1.0,
503,R_7ikqRNbiqOG98sh,slingshot,1.0,1.0,1.0,1.0,1.0,1.0,1.0,
504,R_7ikqRNbiqOG98sh,plus sign,1.3333333333333333,1.0,1.0,1.0,1.0,1.0,3.0,
505,R_7ikqRNbiqOG98sh,lightening bolt,1.0,1.0,1.0,1.0,1.0,1.0,1.0,
506,R_7ikqRNbiqOG98sh,hourglass,3.8333333333333335,5.0,4.0,5.0,4.0,1.0,4.0,
507,R_7ikqRNbiqOG98sh,house,1.3333333333333333,1.0,1.0,1.0,1.0,2.0,2.0,
508,R_3zjUkGkE3FsX1RL,ladder,4.5,5.0,4.0,4.0,5.0,4.0,5.0,
509,R_3zjUkGkE3FsX1RL,butterfly,3.2,2.0,4.0,1.0,5.0,4.0,,
510,R_3zjUkGkE3FsX1RL,fork,3.5,4.0,2.0,3.0,4.0,4.0,4.0,
511,R_3zjUkGkE3FsX1RL,ice cream,4.8,5.0,5.0,5.0,4.0,5.0,,
512,R_3zjUkGkE3FsX1RL,martini,1.0,1.0,1.0,1.0,1.0,1.0,1.0,
513,R_3zjUkGkE3FsX1RL,sunrise,1.3333333333333333,1.0,1.0,3.0,1.0,1.0,1.0,
514,R_3zjUkGkE3FsX1RL,fish,1.8333333333333333,2.0,3.0,1.0,2.0,1.0,2.0,
515,R_3zjUkGkE3FsX1RL,horse,1.5,1.0,3.0,2.0,1.0,1.0,1.0,
516,R_3zjUkGkE3FsX1RL,drill,1.6666666666666667,1.0,1.0,1.0,2.0,3.0,2.0,
517,R_3zjUkGkE3FsX1RL,stick,1.7142857142857142,3.0,1.0,2.0,2.0,1.0,1.0,2.0
518,R_3zjUkGkE3FsX1RL,butterfly,1.1666666666666667,1.0,1.0,1.0,1.0,1.0,2.0,
519,R_3zjUkGkE3FsX1RL,sailboat,4.833333333333333,5.0,5.0,5.0,4.0,5.0,5.0,
520,R_3zjUkGkE3FsX1RL,brush,1.4285714285714286,2.0,1.0,2.0,1.0,2.0,1.0,1.0
521,R_3zjUkGkE3FsX1RL,tree,1.5,1.0,2.0,1.0,1.0,3.0,1.0,
522,R_3zjUkGkE3FsX1RL,house,1.3333333333333333,1.0,1.0,1.0,1.0,2.0,2.0,
523,R_5dnySa1ce8EsOdt,tree,3.6666666666666665,4.0,3.0,4.0,3.0,5.0,3.0,
524,R_5dnySa1ce8EsOdt,butterfly,3.3333333333333335,3.0,3.0,5.0,3.0,4.0,2.0,
525,R_5dnySa1ce8EsOdt,pitchfork,4.666666666666667,4.0,4.0,5.0,5.0,5.0,5.0,
526,R_5dnySa1ce8EsOdt,umbrella,1.0,1.0,1.0,1.0,1.0,1.0,1.0,1.0
527,R_5dnySa1ce8EsOdt,house,3.6666666666666665,3.0,5.0,4.0,3.0,3.0,4.0,
528,R_5dnySa1ce8EsOdt,incomplete heart,2.0,1.0,2.0,3.0,4.0,1.0,1.0,
529,R_5dnySa1ce8EsOdt,flag,1.0,1.0,1.0,1.0,1.0,,,
530,R_5dnySa1ce8EsOdt,door,4.666666666666667,4.0,5.0,5.0,4.0,5.0,5.0,
531,R_5dnySa1ce8EsOdt,arrow,1.3333333333333333,1.0,2.0,1.0,1.0,1.0,2.0,
532,R_5dnySa1ce8EsOdt,bird feet.,4.0,5.0,4.0,2.0,5.0,4.0,4.0,
533,R_5dnySa1ce8EsOdt,mug,4.666666666666667,5.0,4.0,5.0,5.0,5.0,4.0,
534,R_5dnySa1ce8EsOdt,square,4.166666666666667,5.0,5.0,4.0,5.0,2.0,4.0,
535,R_5dnySa1ce8EsOdt,pill,1.5,4.0,1.0,1.0,1.0,1.0,1.0,
536,R_5dnySa1ce8EsOdt,standing lamp,1.1666666666666667,1.0,1.0,1.0,1.0,1.0,2.0,
537,R_5dnySa1ce8EsOdt,house,1.3333333333333333,1.0,1.0,1.0,1.0,2.0,2.0,
538,R_6VQHLZ7aMXrAeuc,ladder,5.0,5.0,5.0,5.0,5.0,5.0,5.0,
539,R_6VQHLZ7aMXrAeuc,chair,1.1666666666666667,1.0,1.0,1.0,1.0,2.0,1.0,
540,R_6VQHLZ7aMXrAeuc,shades,2.3333333333333335,2.0,3.0,1.0,3.0,2.0,3.0,
541,R_6VQHLZ7aMXrAeuc,comb,1.2,1.0,1.0,1.0,2.0,1.0,,
542,R_6VQHLZ7aMXrAeuc,volcano,1.1666666666666667,1.0,1.0,2.0,1.0,1.0,1.0,
543,R_6VQHLZ7aMXrAeuc,pencil,2.1666666666666665,3.0,2.0,3.0,2.0,1.0,2.0,
544,R_6VQHLZ7aMXrAeuc,icecream cone,1.0,1.0,1.0,1.0,1.0,1.0,1.0,
545,R_6VQHLZ7aMXrAeuc,stop sign,2.1666666666666665,1.0,2.0,4.0,2.0,2.0,2.0,
546,R_6VQHLZ7aMXrAeuc,glasses,3.6666666666666665,4.0,2.0,5.0,4.0,4.0,3.0,
547,R_6VQHLZ7aMXrAeuc,fish,1.8333333333333333,2.0,2.0,3.0,2.0,1.0,1.0,
548,R_6VQHLZ7aMXrAeuc,boat,1.1666666666666667,1.0,1.0,1.0,2.0,1.0,1.0,
549,R_6VQHLZ7aMXrAeuc,tree,3.3333333333333335,2.0,4.0,4.0,4.0,3.0,3.0,
550,R_6VQHLZ7aMXrAeuc,mailbox,1.8333333333333333,2.0,2.0,3.0,1.0,2.0,1.0,
551,R_6VQHLZ7aMXrAeuc,pizza,1.0,1.0,1.0,1.0,1.0,1.0,1.0,
552,R_6VQHLZ7aMXrAeuc,house,1.3333333333333333,1.0,1.0,1.0,1.0,2.0,2.0,
553,R_1PR4qXLMAceGiOt,minor note,1.5,2.0,1.0,1.0,1.0,2.0,2.0,
554,R_1PR4qXLMAceGiOt,goal post,1.3333333333333333,1.0,1.0,2.0,1.0,2.0,1.0,
555,R_1PR4qXLMAceGiOt,numeral three,1.3333333333333333,1.0,1.0,2.0,1.0,2.0,1.0,
556,R_1PR4qXLMAceGiOt,basket,1.0,1.0,1.0,1.0,1.0,1.0,1.0,
557,R_1PR4qXLMAceGiOt,music note,1.1666666666666667,2.0,1.0,1.0,1.0,1.0,1.0,
558,R_1PR4qXLMAceGiOt,speed bump,1.1666666666666667,1.0,1.0,1.0,2.0,1.0,1.0,
559,R_1PR4qXLMAceGiOt,steam,1.3333333333333333,1.0,1.0,2.0,1.0,1.0,2.0,
560,R_1PR4qXLMAceGiOt,crane,1.0,1.0,1.0,1.0,1.0,1.0,1.0,
561,R_1PR4qXLMAceGiOt,square,2.0,4.0,1.0,3.0,1.0,2.0,1.0,
562,R_1PR4qXLMAceGiOt,rectangle,3.5,4.0,4.0,4.0,5.0,2.0,2.0,
563,R_1PR4qXLMAceGiOt,hook,1.5,1.0,2.0,2.0,2.0,1.0,1.0,
564,R_1PR4qXLMAceGiOt,female logo,2.5,2.0,2.0,2.0,5.0,2.0,2.0,
565,R_1PR4qXLMAceGiOt,spring,1.1666666666666667,1.0,1.0,1.0,1.0,2.0,1.0,
566,R_1PR4qXLMAceGiOt,umbrella,4.833333333333333,5.0,5.0,5.0,4.0,5.0,5.0,
567,R_1PR4qXLMAceGiOt,house,1.3333333333333333,1.0,1.0,1.0,1.0,2.0,2.0,
568,R_7iwHIm3XZH8niBo,ladder,4.5,5.0,4.0,4.0,5.0,4.0,5.0,
569,R_7iwHIm3XZH8niBo,pitchfork,4.666666666666667,4.0,4.0,5.0,5.0,5.0,5.0,
570,R_7iwHIm3XZH8niBo,ice cream,4.8,5.0,5.0,5.0,4.0,5.0,,
571,R_7iwHIm3XZH8niBo,flag,4.333333333333333,5.0,1.0,5.0,5.0,5.0,5.0,
572,R_7iwHIm3XZH8niBo,spade,3.0,2.0,3.0,4.0,5.0,2.0,2.0,
573,R_7iwHIm3XZH8niBo,shovel,3.6666666666666665,2.0,4.0,4.0,5.0,4.0,3.0,
574,R_7iwHIm3XZH8niBo,cloudy mountain,1.5,3.0,1.0,1.0,1.0,2.0,1.0,
575,R_7iwHIm3XZH8niBo,bird feet.,4.0,5.0,4.0,2.0,5.0,4.0,4.0,
576,R_7iwHIm3XZH8niBo,corkscrew,1.5,1.0,1.0,2.0,1.0,1.0,3.0,
577,R_7iwHIm3XZH8niBo,clock,4.666666666666667,5.0,4.0,5.0,4.0,5.0,5.0,
578,R_7iwHIm3XZH8niBo,medal,3.0,2.0,4.0,4.0,2.0,2.0,4.0,
579,R_7iwHIm3XZH8niBo,letter f,5.0,5.0,5.0,5.0,5.0,5.0,5.0,5.0
580,R_7iwHIm3XZH8niBo,key,2.6666666666666665,2.0,3.0,2.0,2.0,3.0,4.0,
581,R_7iwHIm3XZH8niBo,yield sign,3.6666666666666665,5.0,5.0,3.0,2.0,3.0,4.0,
582,R_7iwHIm3XZH8niBo,tree,4.0,5.0,4.0,4.0,4.0,2.0,5.0,
583,R_7AWa8yqYLHwffXz,tetrahedron,1.1666666666666667,1.0,1.0,1.0,1.0,1.0,2.0,
584,R_7AWa8yqYLHwffXz,butterfly,3.3333333333333335,3.0,3.0,5.0,3.0,4.0,2.0,
585,R_7AWa8yqYLHwffXz,butterfly,3.2,2.0,4.0,1.0,5.0,4.0,,
586,R_7AWa8yqYLHwffXz,square,1.0,1.0,1.0,1.0,1.0,1.0,1.0,1.0
587,R_7AWa8yqYLHwffXz,semicircle,1.6666666666666667,1.0,3.0,2.0,1.0,2.0,1.0,
588,R_7AWa8yqYLHwffXz,pentgon,1.0,1.0,1.0,1.0,1.0,1.0,1.0,
589,R_7AWa8yqYLHwffXz,square,1.1666666666666667,2.0,1.0,1.0,1.0,1.0,1.0,
590,R_7AWa8yqYLHwffXz,parabola,1.1428571428571428,1.0,2.0,1.0,1.0,1.0,1.0,1.0
591,R_7AWa8yqYLHwffXz,rectangle,3.5,4.0,4.0,4.0,5.0,2.0,2.0,
592,R_7AWa8yqYLHwffXz,cylinder,1.3333333333333333,1.0,1.0,1.0,1.0,3.0,1.0,
593,R_7AWa8yqYLHwffXz,cone,1.0,1.0,1.0,1.0,1.0,1.0,1.0,
594,R_7AWa8yqYLHwffXz,heart,1.0,1.0,1.0,1.0,1.0,1.0,1.0,
595,R_7AWa8yqYLHwffXz,infinity symbol,1.0,1.0,1.0,1.0,1.0,1.0,1.0,
596,R_7AWa8yqYLHwffXz,umbrella,4.833333333333333,5.0,5.0,5.0,4.0,5.0,5.0,
597,R_7AWa8yqYLHwffXz,rhombus,1.3333333333333333,1.0,1.0,1.0,1.0,3.0,1.0,
598,R_3qK9HL1UIzK92MG,glasses,2.3333333333333335,4.0,1.0,2.0,3.0,1.0,3.0,
599,R_3qK9HL1UIzK92MG,butterfly,3.3333333333333335,3.0,3.0,5.0,3.0,4.0,2.0,
600,R_3qK9HL1UIzK92MG,goal post,2.5,3.0,2.0,2.0,5.0,2.0,1.0,
601,R_3qK9HL1UIzK92MG,jellyfish,1.1666666666666667,2.0,1.0,1.0,1.0,1.0,1.0,
602,R_3qK9HL1UIzK92MG,flag,4.333333333333333,5.0,1.0,5.0,5.0,5.0,5.0,
603,R_3qK9HL1UIzK92MG,beach umbrella,1.5,1.0,1.0,1.0,4.0,1.0,1.0,
604,R_3qK9HL1UIzK92MG,wine glass,5.0,5.0,5.0,5.0,5.0,5.0,,
605,R_3qK9HL1UIzK92MG,cupcake,1.5,2.0,1.0,2.0,2.0,1.0,1.0,
606,R_3qK9HL1UIzK92MG,cherries,1.1666666666666667,1.0,1.0,1.0,1.0,2.0,1.0,
607,R_3qK9HL1UIzK92MG,ice cream cone,3.3333333333333335,2.0,4.0,4.0,4.0,1.0,5.0,
608,R_3qK9HL1UIzK92MG,clock,1.0,1.0,1.0,1.0,1.0,1.0,1.0,
609,R_3qK9HL1UIzK92MG,apple,2.1666666666666665,1.0,1.0,2.0,3.0,2.0,4.0,
610,R_3qK9HL1UIzK92MG,sailboat,4.833333333333333,5.0,5.0,5.0,4.0,5.0,5.0,
611,R_3qK9HL1UIzK92MG,music note,4.333333333333333,5.0,5.0,4.0,5.0,3.0,4.0,
612,R_3qK9HL1UIzK92MG,tree,4.0,5.0,4.0,4.0,4.0,2.0,5.0,
613,R_6v6cp0SNipCZJqV,ladder,4.5,5.0,4.0,4.0,5.0,4.0,5.0,
614,R_6v6cp0SNipCZJqV,pitchfork,4.666666666666667,4.0,4.0,5.0,5.0,5.0,5.0,
615,R_6v6cp0SNipCZJqV,cone,4.666666666666667,5.0,4.0,4.0,5.0,5.0,5.0,
616,R_6v6cp0SNipCZJqV,cone,3.1666666666666665,3.0,5.0,2.0,2.0,3.0,4.0,
617,R_6v6cp0SNipCZJqV,cone,3.6,4.0,3.0,3.0,4.0,4.0,,
618,R_6v6cp0SNipCZJqV,wang jangle,1.0,1.0,1.0,1.0,1.0,1.0,,
619,R_6v6cp0SNipCZJqV,person,4.0,5.0,4.0,3.0,4.0,5.0,3.0,
620,R_6v6cp0SNipCZJqV,triangle circle,3.6666666666666665,5.0,5.0,4.0,1.0,5.0,2.0,
621,R_6v6cp0SNipCZJqV,flag,4.333333333333333,5.0,1.0,5.0,5.0,5.0,5.0,
622,R_6v6cp0SNipCZJqV,wing ding,1.0,1.0,1.0,1.0,1.0,1.0,1.0,
623,R_6v6cp0SNipCZJqV,lefty,1.0,1.0,1.0,1.0,1.0,1.0,1.0,
624,R_6v6cp0SNipCZJqV,circular shrug,1.0,1.0,1.0,1.0,1.0,1.0,1.0,
625,R_6v6cp0SNipCZJqV,letter f,5.0,5.0,5.0,5.0,5.0,5.0,5.0,5.0
626,R_6v6cp0SNipCZJqV,tree,4.0,5.0,4.0,4.0,4.0,2.0,5.0,
627,R_3Wu3EGpCFW6Qbuk,female torso,2.0,2.0,2.0,2.0,1.0,1.0,4.0,
628,R_3Wu3EGpCFW6Qbuk,arrow,4.333333333333333,5.0,3.0,4.0,5.0,5.0,4.0,
629,R_3Wu3EGpCFW6Qbuk,martini glass,4.333333333333333,3.0,4.0,5.0,5.0,4.0,5.0,
630,R_3Wu3EGpCFW6Qbuk,house,3.6666666666666665,3.0,5.0,4.0,3.0,3.0,4.0,
631,R_3Wu3EGpCFW6Qbuk,carat stem,1.1666666666666667,1.0,1.0,2.0,1.0,1.0,1.0,
632,R_3Wu3EGpCFW6Qbuk,martini glass,4.666666666666667,5.0,4.0,4.0,5.0,5.0,5.0,
633,R_3Wu3EGpCFW6Qbuk,square bulge,2.5,2.0,5.0,1.0,3.0,2.0,2.0,
634,R_3Wu3EGpCFW6Qbuk,vertical rectangles,1.4285714285714286,1.0,1.0,1.0,1.0,2.0,1.0,3.0
635,R_3Wu3EGpCFW6Qbuk,stick figure,4.833333333333333,5.0,5.0,5.0,5.0,5.0,4.0,
636,R_3Wu3EGpCFW6Qbuk,tv,3.6666666666666665,3.0,4.0,2.0,4.0,4.0,5.0,
637,R_3Wu3EGpCFW6Qbuk,martini glass,4.2,5.0,4.0,5.0,5.0,2.0,,
638,R_3Wu3EGpCFW6Qbuk,stacked triangles,2.8333333333333335,5.0,2.0,1.0,4.0,2.0,3.0,
639,R_7rGSNqpHRRXGZWh,two attached triangles,1.0,1.0,1.0,1.0,1.0,1.0,1.0,
640,R_7rGSNqpHRRXGZWh,poll,1.0,1.0,1.0,1.0,1.0,1.0,1.0,
641,R_7rGSNqpHRRXGZWh,two triangles,1.0,1.0,1.0,1.0,1.0,1.0,1.0,
642,R_7rGSNqpHRRXGZWh,semi-circle,1.5,2.0,1.0,2.0,2.0,1.0,1.0,
643,R_7rGSNqpHRRXGZWh,van,1.0,1.0,1.0,1.0,1.0,1.0,1.0,
644,R_7rGSNqpHRRXGZWh,letter h,2.5,1.0,4.0,3.0,4.0,1.0,2.0,
645,R_7rGSNqpHRRXGZWh,triangle,1.5,1.0,3.0,2.0,1.0,1.0,1.0,
646,R_7rGSNqpHRRXGZWh,rectangle,3.5,4.0,4.0,4.0,5.0,2.0,2.0,
647,R_7rGSNqpHRRXGZWh,nine,1.0,1.0,1.0,1.0,1.0,1.0,1.0,
648,R_7rGSNqpHRRXGZWh,semicircle,1.6666666666666667,2.0,4.0,1.0,1.0,1.0,1.0,
649,R_7rGSNqpHRRXGZWh,tree diagram,2.5,2.0,3.0,4.0,1.0,3.0,2.0,
650,R_7rGSNqpHRRXGZWh,trapezium,1.0,1.0,1.0,1.0,1.0,1.0,,
651,R_7rGSNqpHRRXGZWh,weight balance,1.1666666666666667,1.0,1.0,1.0,2.0,1.0,1.0,
652,R_7rGSNqpHRRXGZWh,concave quadrilateral,2.3333333333333335,3.0,1.0,2.0,1.0,4.0,3.0,
653,R_7rGSNqpHRRXGZWh,letter g,1.0,1.0,1.0,1.0,1.0,1.0,1.0,
654,R_3hrNeSuAdYDCaL7,arrow,4.333333333333333,5.0,3.0,4.0,5.0,5.0,4.0,
655,R_3hrNeSuAdYDCaL7,butterfly,3.2,2.0,4.0,1.0,5.0,4.0,,
656,R_3hrNeSuAdYDCaL7,buoy,1.5714285714285714,1.0,2.0,1.0,1.0,1.0,2.0,3.0
657,R_3hrNeSuAdYDCaL7,chair,3.2857142857142856,2.0,4.0,4.0,2.0,4.0,4.0,3.0
658,R_3hrNeSuAdYDCaL7,face,2.0,2.0,2.0,2.0,2.0,2.0,2.0,
659,R_3hrNeSuAdYDCaL7,balloon,1.3333333333333333,1.0,1.0,2.0,2.0,1.0,1.0,
660,R_3hrNeSuAdYDCaL7,evil face,1.0,1.0,1.0,1.0,1.0,1.0,1.0,
661,R_3hrNeSuAdYDCaL7,tv,3.6666666666666665,3.0,4.0,2.0,4.0,4.0,5.0,
662,R_3hrNeSuAdYDCaL7,clock,4.666666666666667,4.0,5.0,5.0,4.0,5.0,5.0,
663,R_3hrNeSuAdYDCaL7,umbrella,4.833333333333333,5.0,5.0,5.0,4.0,5.0,5.0,
664,R_5LqyB71r6ag7pal,cherry,1.0,1.0,1.0,1.0,1.0,1.0,1.0,
665,R_5LqyB71r6ag7pal,arrow,4.333333333333333,5.0,3.0,4.0,5.0,5.0,4.0,
666,R_5LqyB71r6ag7pal,butterfly,3.3333333333333335,3.0,3.0,5.0,3.0,4.0,2.0,
667,R_5LqyB71r6ag7pal,butterfly,3.2,2.0,4.0,1.0,5.0,4.0,,
668,R_5LqyB71r6ag7pal,goal post,2.5,3.0,2.0,2.0,5.0,2.0,1.0,
669,R_5LqyB71r6ag7pal,umbrella,1.0,1.0,1.0,1.0,1.0,1.0,1.0,1.0
670,R_5LqyB71r6ag7pal,icecream cone,4.833333333333333,5.0,5.0,4.0,5.0,5.0,5.0,
671,R_5LqyB71r6ag7pal,ice cream cone,3.3333333333333335,2.0,4.0,4.0,4.0,1.0,5.0,
672,R_5LqyB71r6ag7pal,sideways lock,2.5,1.0,4.0,4.0,2.0,3.0,1.0,
673,R_5LqyB71r6ag7pal,hanger,1.5,2.0,1.0,1.0,2.0,2.0,1.0,
674,R_5LqyB71r6ag7pal,wings,1.1666666666666667,2.0,1.0,1.0,1.0,1.0,1.0,
675,R_5LqyB71r6ag7pal,music note,4.333333333333333,5.0,5.0,4.0,5.0,3.0,4.0,
676,R_5LqyB71r6ag7pal,umbrella,4.833333333333333,5.0,5.0,5.0,4.0,5.0,5.0,
677,R_7U2V9B5aP4N5bKp,h,1.8333333333333333,2.0,3.0,1.0,1.0,1.0,3.0,
678,R_7U2V9B5aP4N5bKp,bd,5.0,5.0,5.0,5.0,5.0,5.0,5.0,
679,R_7U2V9B5aP4N5bKp,bd,5.0,5.0,5.0,5.0,5.0,5.0,5.0,
680,R_7U2V9B5aP4N5bKp,infinity sign,1.8333333333333333,2.0,2.0,4.0,1.0,1.0,1.0,
681,R_7U2V9B5aP4N5bKp,butterfly,3.3333333333333335,3.0,3.0,5.0,3.0,4.0,2.0,
682,R_7U2V9B5aP4N5bKp,head,2.1666666666666665,1.0,1.0,4.0,4.0,1.0,2.0,
683,R_7U2V9B5aP4N5bKp,lollipops,1.1666666666666667,1.0,2.0,1.0,1.0,1.0,1.0,
684,R_7U2V9B5aP4N5bKp,tree,1.0,1.0,1.0,1.0,1.0,1.0,1.0,
685,R_7U2V9B5aP4N5bKp,ice cream cone,3.3333333333333335,2.0,4.0,4.0,4.0,1.0,5.0,
686,R_7U2V9B5aP4N5bKp,elephant ears,1.3333333333333333,1.0,1.0,1.0,3.0,1.0,1.0,
687,R_7U2V9B5aP4N5bKp,circle,2.2,3.0,3.0,2.0,2.0,1.0,,
688,R_7U2V9B5aP4N5bKp,circle,3.5,4.0,4.0,5.0,2.0,2.0,4.0,
689,R_7U2V9B5aP4N5bKp,letter g,1.0,1.0,1.0,1.0,1.0,1.0,1.0,
690,R_6NaHI4FRAJFo4fZ,bug,1.0,1.0,1.0,1.0,1.0,1.0,1.0,
691,R_6NaHI4FRAJFo4fZ,umbrella,1.5,1.0,1.0,1.0,1.0,2.0,3.0,
692,R_6NaHI4FRAJFo4fZ,yinyang medallion,3.1666666666666665,1.0,2.0,4.0,4.0,4.0,4.0,
693,R_6NaHI4FRAJFo4fZ,lower h,2.5,1.0,2.0,2.0,1.0,4.0,5.0,
694,R_6NaHI4FRAJFo4fZ,sun horizon,1.1666666666666667,1.0,1.0,2.0,1.0,1.0,1.0,
695,R_6NaHI4FRAJFo4fZ,umbrella,1.4285714285714286,3.0,1.0,1.0,1.0,2.0,1.0,1.0
696,R_6NaHI4FRAJFo4fZ,face,2.0,2.0,2.0,2.0,2.0,2.0,2.0,
697,R_6NaHI4FRAJFo4fZ,animal,1.0,1.0,1.0,1.0,1.0,1.0,1.0,
698,R_6NaHI4FRAJFo4fZ,small rectangles,2.6666666666666665,4.0,1.0,4.0,2.0,3.0,2.0,
699,R_6NaHI4FRAJFo4fZ,chinese character,1.8333333333333333,4.0,1.0,1.0,2.0,1.0,2.0,
700,R_6NaHI4FRAJFo4fZ,drawn bow,1.3333333333333333,3.0,1.0,1.0,1.0,1.0,1.0,
701,R_6NaHI4FRAJFo4fZ,sailboat,4.833333333333333,5.0,5.0,5.0,4.0,5.0,5.0,
702,R_6NaHI4FRAJFo4fZ,music note,4.333333333333333,5.0,5.0,4.0,5.0,3.0,4.0,
703,R_6NaHI4FRAJFo4fZ,small peaks,1.0,1.0,1.0,1.0,1.0,1.0,1.0,
704,R_6NaHI4FRAJFo4fZ,motor boat,1.0,1.0,1.0,1.0,1.0,1.0,1.0,
705,R_3fkIyfPjf94dl8o,dried,1.1666666666666667,2.0,1.0,1.0,1.0,1.0,1.0,
706,R_3fkIyfPjf94dl8o,db,2.1666666666666665,3.0,2.0,2.0,1.0,4.0,1.0,
707,R_3fkIyfPjf94dl8o,pool,1.1666666666666667,1.0,1.0,1.0,1.0,1.0,2.0,
708,R_3fkIyfPjf94dl8o,bride,1.3333333333333333,1.0,1.0,1.0,2.0,1.0,2.0,
709,R_3fkIyfPjf94dl8o,triangle,1.0,1.0,1.0,1.0,1.0,1.0,1.0,
710,R_3fkIyfPjf94dl8o,mirror,1.3333333333333333,1.0,1.0,1.0,3.0,1.0,1.0,
711,R_3fkIyfPjf94dl8o,cross,1.0,1.0,1.0,1.0,1.0,1.0,,
712,R_3fkIyfPjf94dl8o,circle,3.5,4.0,4.0,5.0,2.0,2.0,4.0,
713,R_3fkIyfPjf94dl8o,song,1.0,1.0,1.0,1.0,1.0,1.0,1.0,
714,R_7onYeAhpKiYWobL,hook,1.0,1.0,1.0,1.0,1.0,1.0,1.0,
715,R_7onYeAhpKiYWobL,glasses,2.3333333333333335,4.0,1.0,2.0,3.0,1.0,3.0,
716,R_7onYeAhpKiYWobL,cone,3.6,4.0,3.0,3.0,4.0,4.0,,
717,R_7onYeAhpKiYWobL,trophy,1.5,1.0,1.0,1.0,3.0,1.0,2.0,
718,R_7onYeAhpKiYWobL,bulb,1.0,1.0,1.0,1.0,1.0,1.0,1.0,
719,R_7onYeAhpKiYWobL,math symbol,1.5,2.0,1.0,1.0,1.0,1.0,3.0,
720,R_7onYeAhpKiYWobL,lollipop,4.5,5.0,5.0,4.0,3.0,5.0,5.0,
721,R_7onYeAhpKiYWobL,thread holder,1.3333333333333333,1.0,1.0,2.0,2.0,1.0,1.0,
722,R_7onYeAhpKiYWobL,owl face,2.142857142857143,2.0,2.0,4.0,3.0,1.0,2.0,1.0
723,R_7onYeAhpKiYWobL,ice cream,3.0,2.0,3.0,3.0,3.0,5.0,2.0,
724,R_7onYeAhpKiYWobL,hourglass,1.0,1.0,1.0,1.0,1.0,1.0,1.0,1.0
725,R_7onYeAhpKiYWobL,antennae,1.1666666666666667,2.0,1.0,1.0,1.0,1.0,1.0,
726,R_7onYeAhpKiYWobL,satellite dish,2.3333333333333335,2.0,4.0,3.0,1.0,3.0,1.0,
727,R_7onYeAhpKiYWobL,electric symbol,1.0,1.0,1.0,1.0,1.0,1.0,1.0,
728,R_7onYeAhpKiYWobL,umbrella,4.833333333333333,5.0,5.0,5.0,4.0,5.0,5.0,
729,R_1mbwAksBbHkjRxT,ladder,5.0,5.0,5.0,5.0,5.0,5.0,5.0,
730,R_1mbwAksBbHkjRxT,scissors,1.3333333333333333,2.0,2.0,1.0,1.0,1.0,1.0,
731,R_1mbwAksBbHkjRxT,circle,1.1666666666666667,2.0,1.0,1.0,1.0,1.0,1.0,
732,R_1mbwAksBbHkjRxT,wine glass,5.0,5.0,5.0,5.0,5.0,5.0,5.0,
733,R_1mbwAksBbHkjRxT,cone,3.6,4.0,3.0,3.0,4.0,4.0,,
734,R_1mbwAksBbHkjRxT,person,4.0,5.0,4.0,3.0,4.0,5.0,3.0,
735,R_1mbwAksBbHkjRxT,ear,1.1666666666666667,1.0,1.0,1.0,2.0,1.0,1.0,
736,R_1mbwAksBbHkjRxT,lollipop,4.5,5.0,5.0,4.0,3.0,5.0,5.0,
737,R_1mbwAksBbHkjRxT,face,1.5,3.0,1.0,1.0,2.0,1.0,1.0,
738,R_1mbwAksBbHkjRxT,tripod,3.6666666666666665,4.0,5.0,4.0,3.0,2.0,4.0,
739,R_1mbwAksBbHkjRxT,balloons,3.0,3.0,2.0,3.0,2.0,5.0,3.0,
740,R_1mbwAksBbHkjRxT,ball,1.0,1.0,1.0,1.0,1.0,1.0,1.0,
741,R_1mbwAksBbHkjRxT,television,4.5,5.0,4.0,5.0,4.0,5.0,4.0,
742,R_1mbwAksBbHkjRxT,hourglass,3.8333333333333335,5.0,4.0,5.0,4.0,1.0,4.0,
743,R_1mbwAksBbHkjRxT,umbrella,4.833333333333333,5.0,5.0,5.0,4.0,5.0,5.0,
744,R_1riWAwAgFR9OYj9,butterfly,3.3333333333333335,3.0,3.0,5.0,3.0,4.0,2.0,
745,R_1riWAwAgFR9OYj9,downward umbrella,1.5,2.0,1.0,3.0,1.0,1.0,1.0,
746,R_1riWAwAgFR9OYj9,chalice,3.8333333333333335,1.0,3.0,5.0,5.0,5.0,4.0,
747,R_1riWAwAgFR9OYj9,owl,1.0,1.0,1.0,1.0,1.0,1.0,1.0,
748,R_1riWAwAgFR9OYj9,snowcone,4.666666666666667,4.0,4.0,5.0,5.0,5.0,5.0,
749,R_1riWAwAgFR9OYj9,human profile,4.166666666666667,4.0,2.0,5.0,4.0,5.0,5.0,
750,R_1riWAwAgFR9OYj9,horn,3.6666666666666665,4.0,2.0,2.0,4.0,5.0,5.0,
751,R_1riWAwAgFR9OYj9,flag,4.333333333333333,5.0,1.0,5.0,5.0,5.0,5.0,
752,R_1riWAwAgFR9OYj9,shovel,1.6666666666666667,2.0,2.0,2.0,1.0,2.0,1.0,
753,R_1riWAwAgFR9OYj9,window,4.833333333333333,5.0,5.0,4.0,5.0,5.0,5.0,
754,R_1riWAwAgFR9OYj9,letter t,5.0,5.0,5.0,5.0,5.0,5.0,5.0,
755,R_1riWAwAgFR9OYj9,tv,3.6666666666666665,3.0,4.0,2.0,4.0,4.0,5.0,
756,R_1riWAwAgFR9OYj9,music note,4.333333333333333,5.0,5.0,4.0,5.0,3.0,4.0,
757,R_1riWAwAgFR9OYj9,beats symbol,1.0,1.0,1.0,1.0,1.0,1.0,,
758,R_1riWAwAgFR9OYj9,umbrella,4.833333333333333,5.0,5.0,5.0,4.0,5.0,5.0,
759,R_53wlqQMRl8RoPUR,doorway,1.5,1.0,1.0,1.0,3.0,2.0,1.0,
760,R_53wlqQMRl8RoPUR,glasses,2.3333333333333335,4.0,1.0,2.0,3.0,1.0,3.0,
761,R_53wlqQMRl8RoPUR,shovel,2.1666666666666665,3.0,1.0,2.0,2.0,3.0,2.0,
762,R_53wlqQMRl8RoPUR,horseshoe,1.3333333333333333,3.0,1.0,1.0,1.0,1.0,1.0,
763,R_53wlqQMRl8RoPUR,snowman,3.0,4.0,5.0,2.0,3.0,2.0,2.0,
764,R_53wlqQMRl8RoPUR,flag,4.333333333333333,5.0,1.0,5.0,5.0,5.0,5.0,
765,R_53wlqQMRl8RoPUR,parking lot,1.8333333333333333,4.0,1.0,1.0,2.0,2.0,1.0,
766,R_53wlqQMRl8RoPUR,glasses,3.6666666666666665,4.0,2.0,5.0,4.0,4.0,3.0,
767,R_53wlqQMRl8RoPUR,shovel,3.6666666666666665,2.0,5.0,5.0,4.0,4.0,2.0,
768,R_53wlqQMRl8RoPUR,basket,1.2857142857142858,1.0,1.0,1.0,1.0,2.0,2.0,1.0
769,R_53wlqQMRl8RoPUR,bird,1.0,1.0,1.0,1.0,1.0,1.0,1.0,
770,R_53wlqQMRl8RoPUR,lamp,2.3333333333333335,4.0,2.0,2.0,1.0,3.0,2.0,
771,R_53wlqQMRl8RoPUR,letter f,5.0,5.0,5.0,5.0,5.0,5.0,5.0,5.0
772,R_53wlqQMRl8RoPUR,clock,4.666666666666667,4.0,5.0,5.0,4.0,5.0,5.0,
773,R_53wlqQMRl8RoPUR,umbrella,4.833333333333333,5.0,5.0,5.0,4.0,5.0,5.0,
774,R_6mXDO57GGpQM4Q8,ladder,5.0,5.0,5.0,5.0,5.0,5.0,5.0,
775,R_6mXDO57GGpQM4Q8,glasses,2.8333333333333335,2.0,2.0,4.0,2.0,5.0,2.0,
776,R_6mXDO57GGpQM4Q8,glasses,2.3333333333333335,4.0,1.0,2.0,3.0,1.0,3.0,
777,R_6mXDO57GGpQM4Q8,butterfly,3.3333333333333335,3.0,3.0,5.0,3.0,4.0,2.0,
778,R_6mXDO57GGpQM4Q8,alien,1.5,1.0,3.0,1.0,1.0,2.0,1.0,
779,R_6mXDO57GGpQM4Q8,ice cream,4.0,5.0,3.0,5.0,5.0,1.0,5.0,
780,R_6mXDO57GGpQM4Q8,flag,4.333333333333333,5.0,1.0,5.0,5.0,5.0,5.0,
781,R_6mXDO57GGpQM4Q8,potted plant,3.0,5.0,3.0,1.0,3.0,3.0,3.0,
782,R_6mXDO57GGpQM4Q8,wine glass,5.0,5.0,5.0,5.0,5.0,5.0,,
783,R_6mXDO57GGpQM4Q8,tank turret,1.7142857142857142,1.0,1.0,4.0,1.0,1.0,3.0,1.0
784,R_6mXDO57GGpQM4Q8,window,4.833333333333333,5.0,5.0,4.0,5.0,5.0,5.0,
785,R_6mXDO57GGpQM4Q8,heart,4.333333333333333,3.0,5.0,5.0,4.0,5.0,4.0,
786,R_6mXDO57GGpQM4Q8,person,3.6666666666666665,3.0,5.0,4.0,2.0,5.0,3.0,
787,R_6mXDO57GGpQM4Q8,clock,4.666666666666667,4.0,5.0,5.0,4.0,5.0,5.0,
788,R_6mXDO57GGpQM4Q8,umbrella,4.833333333333333,5.0,5.0,5.0,4.0,5.0,5.0,
789,R_71C2kK0ya2WVTj3,tower,1.5714285714285714,2.0,4.0,1.0,1.0,1.0,1.0,1.0
790,R_71C2kK0ya2WVTj3,diamond,1.0,1.0,1.0,1.0,1.0,1.0,1.0,1.0
791,R_71C2kK0ya2WVTj3,huge circle,1.0,1.0,1.0,1.0,1.0,1.0,1.0,
792,R_71C2kK0ya2WVTj3,house roof,1.0,1.0,1.0,1.0,1.0,1.0,1.0,
793,R_71C2kK0ya2WVTj3,cone,2.3333333333333335,1.0,2.0,4.0,2.0,4.0,1.0,
794,R_71C2kK0ya2WVTj3,fallen tree,1.8333333333333333,4.0,1.0,1.0,3.0,1.0,1.0,
795,R_71C2kK0ya2WVTj3,circle,1.1666666666666667,1.0,2.0,1.0,1.0,1.0,1.0,
796,R_71C2kK0ya2WVTj3,race track,1.6666666666666667,3.0,2.0,1.0,2.0,1.0,1.0,
797,R_71C2kK0ya2WVTj3,venn diagram,1.8333333333333333,2.0,1.0,3.0,1.0,2.0,2.0,
798,R_71C2kK0ya2WVTj3,house,1.0,1.0,1.0,1.0,1.0,1.0,1.0,
799,R_71C2kK0ya2WVTj3,semicircle,1.1666666666666667,1.0,1.0,2.0,1.0,1.0,1.0,
800,R_71C2kK0ya2WVTj3,balloon,1.1666666666666667,2.0,1.0,1.0,1.0,1.0,1.0,
801,R_71C2kK0ya2WVTj3,square rotated,1.0,1.0,1.0,1.0,1.0,1.0,1.0,
802,R_71C2kK0ya2WVTj3,circle,3.5,4.0,4.0,5.0,2.0,2.0,4.0,
803,R_71C2kK0ya2WVTj3,umbrella,4.833333333333333,5.0,5.0,5.0,4.0,5.0,5.0,
804,R_3NDJv5Msv9mPkGK,ladder,5.0,5.0,5.0,5.0,5.0,5.0,5.0,
805,R_3NDJv5Msv9mPkGK,wine glass,5.0,5.0,5.0,5.0,5.0,5.0,5.0,
806,R_3NDJv5Msv9mPkGK,headphones,4.666666666666667,5.0,4.0,5.0,4.0,5.0,5.0,
807,R_3NDJv5Msv9mPkGK,house,3.6666666666666665,3.0,5.0,4.0,3.0,3.0,4.0,
808,R_3NDJv5Msv9mPkGK,fish,1.8333333333333333,2.0,3.0,1.0,2.0,1.0,2.0,
809,R_3NDJv5Msv9mPkGK,lollipop,4.5,5.0,5.0,4.0,3.0,5.0,5.0,
810,R_3NDJv5Msv9mPkGK,chair,3.5714285714285716,3.0,5.0,4.0,4.0,4.0,3.0,2.0
811,R_3NDJv5Msv9mPkGK,flag,4.333333333333333,5.0,1.0,5.0,5.0,5.0,5.0,
812,R_3NDJv5Msv9mPkGK,scissors,3.5,3.0,4.0,3.0,5.0,2.0,4.0,
813,R_3NDJv5Msv9mPkGK,pitcher,4.0,2.0,5.0,3.0,5.0,4.0,5.0,
814,R_3NDJv5Msv9mPkGK,pocketwatch,1.6666666666666667,3.0,1.0,1.0,2.0,2.0,1.0,
815,R_3NDJv5Msv9mPkGK,heart,4.333333333333333,3.0,5.0,5.0,4.0,5.0,4.0,
816,R_3NDJv5Msv9mPkGK,sailboat,4.833333333333333,5.0,5.0,5.0,4.0,5.0,5.0,
817,R_3NDJv5Msv9mPkGK,martini glass,4.2,5.0,4.0,5.0,5.0,2.0,,
818,R_3NDJv5Msv9mPkGK,umbrella,4.833333333333333,5.0,5.0,5.0,4.0,5.0,5.0,
819,R_3cl2IMba6u7Q2Nr,bra,2.8333333333333335,2.0,3.0,4.0,2.0,3.0,3.0,
820,R_3cl2IMba6u7Q2Nr,chalice,4.833333333333333,5.0,5.0,4.0,5.0,5.0,5.0,
821,R_3cl2IMba6u7Q2Nr,house,3.6666666666666665,3.0,5.0,4.0,3.0,3.0,4.0,
822,R_3cl2IMba6u7Q2Nr,sno-cone,4.833333333333333,5.0,4.0,5.0,5.0,5.0,5.0,
823,R_3cl2IMba6u7Q2Nr,balloon,2.8333333333333335,2.0,3.0,2.0,2.0,3.0,5.0,
824,R_3cl2IMba6u7Q2Nr,shovel,3.6666666666666665,2.0,5.0,5.0,4.0,4.0,2.0,
825,R_3cl2IMba6u7Q2Nr,dustpan,2.5,3.0,1.0,3.0,4.0,1.0,3.0,
826,R_3cl2IMba6u7Q2Nr,ice cream,3.0,2.0,3.0,3.0,3.0,5.0,2.0,
827,R_3cl2IMba6u7Q2Nr,ice cream,4.166666666666667,5.0,5.0,5.0,4.0,4.0,2.0,
828,R_3cl2IMba6u7Q2Nr,unicycle,1.0,1.0,1.0,1.0,1.0,1.0,1.0,
829,R_3cl2IMba6u7Q2Nr,kite,1.6666666666666667,2.0,1.0,1.0,2.0,1.0,3.0,
830,R_3cl2IMba6u7Q2Nr,martini glass,4.2,5.0,4.0,5.0,5.0,2.0,,
831,R_3cl2IMba6u7Q2Nr,umbrella,4.833333333333333,5.0,5.0,5.0,4.0,5.0,5.0,
832,R_6NWzqbX4O0AMjJv,cherry,1.0,1.0,1.0,1.0,1.0,1.0,1.0,
833,R_6NWzqbX4O0AMjJv,glasses,3.3333333333333335,2.0,3.0,4.0,2.0,5.0,4.0,
834,R_6NWzqbX4O0AMjJv,wine glass,5.0,5.0,5.0,5.0,5.0,5.0,5.0,
835,R_6NWzqbX4O0AMjJv,ice cream,4.8,5.0,5.0,5.0,4.0,5.0,,
836,R_6NWzqbX4O0AMjJv,ice cream,4.0,5.0,3.0,5.0,5.0,1.0,5.0,
837,R_6NWzqbX4O0AMjJv,person,4.0,5.0,4.0,3.0,4.0,5.0,3.0,
838,R_6NWzqbX4O0AMjJv,door,4.666666666666667,4.0,5.0,5.0,4.0,5.0,5.0,
839,R_6NWzqbX4O0AMjJv,fish bone,2.5,2.0,2.0,3.0,3.0,3.0,2.0,
840,R_6NWzqbX4O0AMjJv,ice cream,3.0,2.0,3.0,3.0,3.0,5.0,2.0,
841,R_6NWzqbX4O0AMjJv,window,4.833333333333333,5.0,5.0,4.0,5.0,5.0,5.0,
842,R_6NWzqbX4O0AMjJv,ink pencil,1.0,1.0,1.0,1.0,1.0,1.0,1.0,
843,R_6NWzqbX4O0AMjJv,letter f,5.0,5.0,5.0,5.0,5.0,5.0,5.0,5.0
844,R_6NWzqbX4O0AMjJv,music note,4.333333333333333,5.0,5.0,4.0,5.0,3.0,4.0,
845,R_6NWzqbX4O0AMjJv,umbrella,4.833333333333333,5.0,5.0,5.0,4.0,5.0,5.0,
846,R_7PodChoqtIWfEkN,ladder,5.0,5.0,5.0,5.0,5.0,5.0,5.0,
847,R_7PodChoqtIWfEkN,batman mask,2.6,2.0,4.0,2.0,3.0,2.0,,
848,R_7PodChoqtIWfEkN,rake,3.5714285714285716,2.0,4.0,5.0,2.0,2.0,5.0,5.0
849,R_7PodChoqtIWfEkN,upended umbrella,2.0,1.0,3.0,4.0,1.0,2.0,1.0,
850,R_7PodChoqtIWfEkN,icecream cone,4.833333333333333,5.0,5.0,4.0,5.0,5.0,5.0,
851,R_7PodChoqtIWfEkN,weathervane,1.1428571428571428,2.0,1.0,1.0,1.0,1.0,1.0,1.0
852,R_7PodChoqtIWfEkN,planted sapling,1.6666666666666667,3.0,1.0,1.0,1.0,3.0,1.0,
853,R_7PodChoqtIWfEkN,tripod,3.6666666666666665,4.0,5.0,4.0,3.0,2.0,4.0,
854,R_7PodChoqtIWfEkN,butterfly,1.0,1.0,1.0,1.0,1.0,1.0,1.0,
855,R_7PodChoqtIWfEkN,letter t,5.0,5.0,5.0,5.0,5.0,5.0,5.0,
856,R_7PodChoqtIWfEkN,person,3.6666666666666665,3.0,5.0,4.0,2.0,5.0,3.0,
857,R_7PodChoqtIWfEkN,headstanding man,1.3333333333333333,1.0,2.0,2.0,1.0,1.0,1.0,
858,R_7PodChoqtIWfEkN,letter f,5.0,5.0,5.0,5.0,5.0,5.0,5.0,5.0
859,R_7PodChoqtIWfEkN,umbrella,4.833333333333333,5.0,5.0,5.0,4.0,5.0,5.0,
860,R_5DAIrNhtzGGUJgt,key,1.0,1.0,1.0,1.0,1.0,1.0,1.0,
861,R_5DAIrNhtzGGUJgt,controller,1.6666666666666667,2.0,1.0,3.0,1.0,2.0,1.0,
862,R_5DAIrNhtzGGUJgt,butterfly,3.3333333333333335,3.0,3.0,5.0,3.0,4.0,2.0,
863,R_5DAIrNhtzGGUJgt,key,1.3333333333333333,1.0,2.0,2.0,1.0,1.0,1.0,
864,R_5DAIrNhtzGGUJgt,icecream cone,4.5,5.0,5.0,2.0,5.0,5.0,5.0,
865,R_5DAIrNhtzGGUJgt,fish,1.8333333333333333,2.0,3.0,1.0,2.0,1.0,2.0,
866,R_5DAIrNhtzGGUJgt,train,1.1666666666666667,1.0,1.0,1.0,2.0,1.0,1.0,
867,R_5DAIrNhtzGGUJgt,flower,2.142857142857143,1.0,3.0,2.0,3.0,2.0,3.0,1.0
868,R_5DAIrNhtzGGUJgt,lamp,1.6666666666666667,1.0,1.0,2.0,1.0,2.0,3.0,
869,R_5DAIrNhtzGGUJgt,bow,4.857142857142857,5.0,5.0,5.0,5.0,5.0,4.0,5.0
870,R_5DAIrNhtzGGUJgt,sword,1.0,1.0,1.0,1.0,1.0,1.0,1.0,1.0
871,R_5DAIrNhtzGGUJgt,letter t,5.0,5.0,5.0,5.0,5.0,5.0,5.0,
872,R_5DAIrNhtzGGUJgt,television,4.5,5.0,4.0,5.0,4.0,5.0,4.0,
873,R_5DAIrNhtzGGUJgt,sailboat,4.833333333333333,5.0,5.0,5.0,4.0,5.0,5.0,
874,R_5DAIrNhtzGGUJgt,hourglass,3.8333333333333335,5.0,4.0,5.0,4.0,1.0,4.0,
875,R_1IbBFfixZh63O47,glasses,2.3333333333333335,4.0,1.0,2.0,3.0,1.0,3.0,
876,R_1IbBFfixZh63O47,desk,1.0,1.0,1.0,1.0,1.0,1.0,1.0,
877,R_1IbBFfixZh63O47,goblet,1.1666666666666667,1.0,2.0,1.0,1.0,1.0,1.0,
878,R_1IbBFfixZh63O47,drop hook,2.0,2.0,2.0,1.0,2.0,1.0,4.0,
879,R_1IbBFfixZh63O47,snowman,3.0,4.0,5.0,2.0,3.0,2.0,2.0,
880,R_1IbBFfixZh63O47,pictogram,3.1666666666666665,5.0,1.0,4.0,2.0,5.0,2.0,
881,R_1IbBFfixZh63O47,closed eye,1.8571428571428572,1.0,3.0,3.0,3.0,1.0,1.0,1.0
882,R_1IbBFfixZh63O47,goal post,2.5,2.0,1.0,3.0,2.0,4.0,3.0,
883,R_1IbBFfixZh63O47,pole,1.6666666666666667,3.0,1.0,1.0,1.0,2.0,2.0,
884,R_1IbBFfixZh63O47,anchor,2.3333333333333335,1.0,1.0,2.0,4.0,5.0,1.0,
885,R_1IbBFfixZh63O47,slingshot handle,1.8333333333333333,2.0,2.0,1.0,1.0,1.0,4.0,
886,R_1IbBFfixZh63O47,table frame,2.0,1.0,2.0,2.0,1.0,5.0,1.0,
887,R_1IbBFfixZh63O47,circle,2.2,3.0,3.0,2.0,2.0,1.0,,
888,R_1IbBFfixZh63O47,arrow,1.1666666666666667,2.0,1.0,1.0,1.0,1.0,1.0,
889,R_1IbBFfixZh63O47,cross brace,1.6666666666666667,1.0,2.0,1.0,2.0,3.0,1.0,
890,R_3gw89p3wacWQFRn,fancy binoculars,1.8333333333333333,3.0,1.0,2.0,2.0,1.0,2.0,
891,R_3gw89p3wacWQFRn,glasses,1.8333333333333333,1.0,3.0,1.0,3.0,2.0,1.0,
892,R_3gw89p3wacWQFRn,glasses,3.3333333333333335,2.0,3.0,4.0,2.0,5.0,4.0,
893,R_3gw89p3wacWQFRn,rake,3.5,5.0,5.0,3.0,3.0,3.0,2.0,
894,R_3gw89p3wacWQFRn,butter churner,1.1666666666666667,1.0,1.0,2.0,1.0,1.0,1.0,
895,R_3gw89p3wacWQFRn,headphones,4.666666666666667,5.0,4.0,5.0,4.0,5.0,5.0,
896,R_3gw89p3wacWQFRn,flag,4.333333333333333,5.0,1.0,5.0,5.0,5.0,5.0,
897,R_3gw89p3wacWQFRn,ruler,1.1666666666666667,1.0,2.0,1.0,1.0,1.0,1.0,
898,R_3gw89p3wacWQFRn,plunger,3.6666666666666665,4.0,1.0,5.0,4.0,3.0,5.0,
899,R_3gw89p3wacWQFRn,binoculars,1.6666666666666667,2.0,1.0,2.0,2.0,1.0,2.0,
900,R_3gw89p3wacWQFRn,water pitcher,3.1666666666666665,4.0,2.0,4.0,2.0,4.0,3.0,
901,R_3gw89p3wacWQFRn,computer mouse,3.142857142857143,2.0,3.0,3.0,5.0,2.0,3.0,4.0
902,R_3gw89p3wacWQFRn,yo-yo,1.1666666666666667,2.0,1.0,1.0,1.0,1.0,1.0,
903,R_3gw89p3wacWQFRn,sailboat,4.833333333333333,5.0,5.0,5.0,4.0,5.0,5.0,
904,R_3gw89p3wacWQFRn,hourglass,3.8333333333333335,5.0,4.0,5.0,4.0,1.0,4.0,
905,R_57Jf15YvbX6JX9g,glasses,3.3333333333333335,2.0,3.0,4.0,2.0,5.0,4.0,
906,R_57Jf15YvbX6JX9g,butterfly,3.2,2.0,4.0,1.0,5.0,4.0,,
907,R_57Jf15YvbX6JX9g,wine glass,4.833333333333333,5.0,4.0,5.0,5.0,5.0,5.0,
908,R_57Jf15YvbX6JX9g,house,3.6666666666666665,3.0,5.0,4.0,3.0,3.0,4.0,
909,R_57Jf15YvbX6JX9g,funnel,2.1666666666666665,1.0,3.0,3.0,2.0,3.0,1.0,
910,R_57Jf15YvbX6JX9g,icecream cone,4.5,4.0,4.0,5.0,4.0,5.0,5.0,
911,R_57Jf15YvbX6JX9g,flag pole,4.0,5.0,1.0,5.0,4.0,5.0,4.0,
912,R_57Jf15YvbX6JX9g,door,4.666666666666667,4.0,5.0,5.0,4.0,5.0,5.0,
913,R_57Jf15YvbX6JX9g,coffee cup,3.6666666666666665,1.0,4.0,4.0,4.0,4.0,5.0,
914,R_57Jf15YvbX6JX9g,window,4.833333333333333,5.0,5.0,4.0,5.0,5.0,5.0,
915,R_57Jf15YvbX6JX9g,sucker,1.0,1.0,1.0,1.0,1.0,1.0,1.0,
916,R_57Jf15YvbX6JX9g,sailboat,4.833333333333333,5.0,5.0,5.0,4.0,5.0,5.0,
917,R_57Jf15YvbX6JX9g,hourglass,3.8333333333333335,5.0,4.0,5.0,4.0,1.0,4.0,
918,R_6ieepBYwPOcVPZO,ladder,5.0,5.0,5.0,5.0,5.0,5.0,5.0,
919,R_6ieepBYwPOcVPZO,ladder,4.5,5.0,4.0,4.0,5.0,4.0,5.0,
920,R_6ieepBYwPOcVPZO,bread,1.0,1.0,1.0,1.0,1.0,1.0,1.0,
921,R_6ieepBYwPOcVPZO,butterfly,3.2,2.0,4.0,1.0,5.0,4.0,,
922,R_6ieepBYwPOcVPZO,coconut,1.0,1.0,1.0,1.0,1.0,1.0,1.0,
923,R_6ieepBYwPOcVPZO,scissors,4.0,4.0,4.0,2.0,5.0,5.0,4.0,
924,R_6ieepBYwPOcVPZO,scissors,3.5,3.0,4.0,3.0,5.0,2.0,4.0,
925,R_6ieepBYwPOcVPZO,flower,3.142857142857143,4.0,4.0,4.0,3.0,2.0,3.0,2.0
926,R_6ieepBYwPOcVPZO,ice cream,4.166666666666667,5.0,5.0,5.0,4.0,4.0,2.0,
927,R_6ieepBYwPOcVPZO,mug,4.666666666666667,5.0,4.0,5.0,5.0,5.0,4.0,
928,R_6ieepBYwPOcVPZO,knife,1.1428571428571428,2.0,1.0,1.0,1.0,1.0,1.0,1.0
929,R_6ieepBYwPOcVPZO,stick figure,4.833333333333333,5.0,5.0,5.0,5.0,5.0,4.0,
930,R_6ieepBYwPOcVPZO,music note,4.333333333333333,5.0,5.0,4.0,5.0,3.0,4.0,
931,R_6ieepBYwPOcVPZO,wine glass,4.0,5.0,5.0,4.0,3.0,4.0,3.0,
932,R_6ieepBYwPOcVPZO,hourglass,3.8333333333333335,5.0,4.0,5.0,4.0,1.0,4.0,
933,R_6HnmuPESQ911bSs,stacked h's,2.6666666666666665,4.0,2.0,3.0,3.0,1.0,3.0,
934,R_6HnmuPESQ911bSs,arrow,1.8333333333333333,3.0,1.0,1.0,2.0,3.0,1.0,
935,R_6HnmuPESQ911bSs,infinity symbol,2.3333333333333335,2.0,1.0,3.0,2.0,3.0,3.0,
936,R_6HnmuPESQ911bSs,bow tie,1.0,1.0,1.0,1.0,1.0,1.0,1.0,
937,R_6HnmuPESQ911bSs,circle,3.5,4.0,4.0,5.0,2.0,2.0,4.0,
938,R_7HiuT8KLZwyWhV9,broom,1.1666666666666667,1.0,1.0,2.0,1.0,1.0,1.0,
939,R_7HiuT8KLZwyWhV9,two lungs,1.6666666666666667,1.0,1.0,2.0,4.0,1.0,1.0,
940,R_7HiuT8KLZwyWhV9,arrow,4.333333333333333,5.0,3.0,4.0,5.0,5.0,4.0,
941,R_7HiuT8KLZwyWhV9,glass,1.0,1.0,1.0,1.0,1.0,1.0,1.0,
942,R_7HiuT8KLZwyWhV9,water glass,1.1666666666666667,1.0,1.0,2.0,1.0,1.0,1.0,
943,R_7HiuT8KLZwyWhV9,superman logo,1.8333333333333333,1.0,2.0,2.0,2.0,3.0,1.0,
944,R_7HiuT8KLZwyWhV9,table,1.8333333333333333,2.0,2.0,1.0,1.0,3.0,2.0,
945,R_7HiuT8KLZwyWhV9,parallel lines,1.3333333333333333,2.0,2.0,1.0,1.0,1.0,1.0,
946,R_7HiuT8KLZwyWhV9,ribbon,1.0,1.0,1.0,1.0,1.0,1.0,1.0,
947,R_7HiuT8KLZwyWhV9,boy,1.0,1.0,1.0,1.0,1.0,1.0,1.0,
948,R_7HiuT8KLZwyWhV9,butterfly,1.0,1.0,1.0,1.0,1.0,1.0,1.0,1.0
949,R_7HiuT8KLZwyWhV9,butterfly,1.0,1.0,1.0,1.0,1.0,1.0,1.0,1.0
950,R_7HiuT8KLZwyWhV9,human face,1.3333333333333333,1.0,1.0,1.0,1.0,3.0,1.0,
951,R_7HiuT8KLZwyWhV9,television,4.5,5.0,4.0,5.0,4.0,5.0,4.0,
952,R_7HiuT8KLZwyWhV9,table,1.3333333333333333,1.0,1.0,1.0,2.0,2.0,1.0,
953,R_1LjuLUT4Y6CYGNe,ladder,4.5,5.0,4.0,4.0,5.0,4.0,5.0,
954,R_1LjuLUT4Y6CYGNe,headphones,4.666666666666667,5.0,4.0,5.0,4.0,5.0,5.0,
955,R_1LjuLUT4Y6CYGNe,house,3.6666666666666665,3.0,5.0,4.0,3.0,3.0,4.0,
956,R_1LjuLUT4Y6CYGNe,ice cream,4.833333333333333,5.0,5.0,5.0,5.0,5.0,4.0,
957,R_1LjuLUT4Y6CYGNe,fruit,1.1666666666666667,1.0,2.0,1.0,1.0,1.0,1.0,
958,R_1LjuLUT4Y6CYGNe,horn,3.6666666666666665,4.0,2.0,2.0,4.0,5.0,5.0,
959,R_1LjuLUT4Y6CYGNe,birthday hat,1.2857142857142858,1.0,2.0,1.0,2.0,1.0,1.0,1.0
960,R_1LjuLUT4Y6CYGNe,wine glass,5.0,5.0,5.0,5.0,5.0,5.0,,
961,R_1LjuLUT4Y6CYGNe,ice cream,3.0,2.0,3.0,3.0,3.0,5.0,2.0,
962,R_1LjuLUT4Y6CYGNe,pumpkin,2.0,2.0,1.0,4.0,1.0,2.0,2.0,
963,R_1LjuLUT4Y6CYGNe,clock,4.666666666666667,5.0,4.0,5.0,4.0,5.0,5.0,
964,R_1LjuLUT4Y6CYGNe,stick figure,4.833333333333333,5.0,5.0,5.0,5.0,5.0,4.0,
965,R_1LjuLUT4Y6CYGNe,sailboat,4.833333333333333,5.0,5.0,5.0,4.0,5.0,5.0,
966,R_1LjuLUT4Y6CYGNe,martini glass,4.2,5.0,4.0,5.0,5.0,2.0,,
967,R_1LjuLUT4Y6CYGNe,clock,4.666666666666667,4.0,5.0,5.0,4.0,5.0,5.0,
968,R_30x9wSvmkEmbVoB,ladder,5.0,5.0,5.0,5.0,5.0,5.0,5.0,
969,R_30x9wSvmkEmbVoB,ladder,4.5,5.0,4.0,4.0,5.0,4.0,5.0,
970,R_30x9wSvmkEmbVoB,chess,1.0,1.0,1.0,1.0,1.0,1.0,1.0,
971,R_30x9wSvmkEmbVoB,brain,1.0,1.0,1.0,1.0,1.0,1.0,,
972,R_30x9wSvmkEmbVoB,sunglasses,3.6666666666666665,4.0,4.0,4.0,4.0,3.0,3.0,
973,R_30x9wSvmkEmbVoB,cross,1.1666666666666667,1.0,2.0,1.0,1.0,1.0,1.0,
974,R_30x9wSvmkEmbVoB,anchor,1.1666666666666667,1.0,2.0,1.0,1.0,1.0,1.0,
975,R_30x9wSvmkEmbVoB,car,1.0,1.0,1.0,1.0,1.0,1.0,1.0,
976,R_30x9wSvmkEmbVoB,flower,3.142857142857143,4.0,4.0,4.0,3.0,2.0,3.0,2.0
977,R_30x9wSvmkEmbVoB,padlock,2.1666666666666665,2.0,2.0,2.0,1.0,1.0,5.0,
978,R_30x9wSvmkEmbVoB,theta,1.6666666666666667,1.0,2.0,1.0,1.0,4.0,1.0,
979,R_30x9wSvmkEmbVoB,heart,1.0,1.0,1.0,1.0,1.0,1.0,1.0,
980,R_30x9wSvmkEmbVoB,human sketch,4.714285714285714,5.0,4.0,5.0,5.0,5.0,5.0,4.0
981,R_30x9wSvmkEmbVoB,anchor,1.5,1.0,3.0,1.0,1.0,2.0,1.0,
982,R_30x9wSvmkEmbVoB,clock,4.666666666666667,4.0,5.0,5.0,4.0,5.0,5.0,
983,R_5XBVD7OnUiSPYzv,ladder,5.0,5.0,5.0,5.0,5.0,5.0,5.0,
984,R_5XBVD7OnUiSPYzv,eyeglasses,3.0,1.0,5.0,4.0,3.0,2.0,2.0,4.0
985,R_5XBVD7OnUiSPYzv,glasses,3.3333333333333335,2.0,3.0,4.0,2.0,5.0,4.0,
986,R_5XBVD7OnUiSPYzv,wine glass,4.833333333333333,5.0,4.0,5.0,5.0,5.0,5.0,
987,R_5XBVD7OnUiSPYzv,shovel,3.6666666666666665,2.0,5.0,5.0,4.0,4.0,2.0,
988,R_5XBVD7OnUiSPYzv,pitchfork,2.8333333333333335,4.0,3.0,1.0,5.0,2.0,2.0,
989,R_5XBVD7OnUiSPYzv,dragonfly,1.5,1.0,2.0,3.0,1.0,1.0,1.0,
990,R_5XBVD7OnUiSPYzv,window,4.833333333333333,5.0,5.0,4.0,5.0,5.0,5.0,
991,R_5XBVD7OnUiSPYzv,muffin,1.8333333333333333,1.0,2.0,2.0,2.0,3.0,1.0,
992,R_5XBVD7OnUiSPYzv,letter t,5.0,5.0,5.0,5.0,5.0,5.0,5.0,
993,R_5XBVD7OnUiSPYzv,heart,4.333333333333333,3.0,5.0,5.0,4.0,5.0,4.0,
994,R_5XBVD7OnUiSPYzv,letter f,5.0,5.0,5.0,5.0,5.0,5.0,5.0,5.0
995,R_5XBVD7OnUiSPYzv,sailboat,4.833333333333333,5.0,5.0,5.0,4.0,5.0,5.0,
996,R_5XBVD7OnUiSPYzv,clock,4.666666666666667,4.0,5.0,5.0,4.0,5.0,5.0,
997,R_6PA4QEiXZDENKp1,ladder,5.0,5.0,5.0,5.0,5.0,5.0,5.0,
998,R_6PA4QEiXZDENKp1,music notes,3.0,5.0,2.0,2.0,3.0,3.0,3.0,
999,R_6PA4QEiXZDENKp1,arrow,4.333333333333333,5.0,3.0,4.0,5.0,5.0,4.0,
1000,R_6PA4QEiXZDENKp1,butterfly,3.3333333333333335,3.0,3.0,5.0,3.0,4.0,2.0,
1001,R_6PA4QEiXZDENKp1,butterfly,3.2,2.0,4.0,1.0,5.0,4.0,,
1002,R_6PA4QEiXZDENKp1,headphones,4.666666666666667,5.0,4.0,5.0,4.0,5.0,5.0,
1003,R_6PA4QEiXZDENKp1,house,3.6666666666666665,3.0,5.0,4.0,3.0,3.0,4.0,
1004,R_6PA4QEiXZDENKp1,letter h,2.5,1.0,4.0,3.0,4.0,1.0,2.0,
1005,R_6PA4QEiXZDENKp1,bow,4.857142857142857,5.0,5.0,5.0,5.0,5.0,4.0,5.0
1006,R_6PA4QEiXZDENKp1,zooming ball,1.3333333333333333,1.0,1.0,1.0,2.0,1.0,2.0,
1007,R_6PA4QEiXZDENKp1,stick person,5.0,5.0,5.0,5.0,5.0,5.0,5.0,
1008,R_6PA4QEiXZDENKp1,upside-down person,1.1666666666666667,2.0,1.0,1.0,1.0,1.0,1.0,
1009,R_6PA4QEiXZDENKp1,clock,4.666666666666667,4.0,5.0,5.0,4.0,5.0,5.0,
1010,R_5fjcrirfMR1Dwul,butterfly,1.0,1.0,1.0,1.0,1.0,1.0,1.0,
1011,R_5fjcrirfMR1Dwul,butterfly,3.2,2.0,4.0,1.0,5.0,4.0,,
1012,R_5fjcrirfMR1Dwul,scale,1.1666666666666667,2.0,1.0,1.0,1.0,1.0,1.0,
1013,R_5fjcrirfMR1Dwul,cat,1.0,1.0,1.0,1.0,1.0,1.0,1.0,
1014,R_5fjcrirfMR1Dwul,duck,2.1666666666666665,3.0,2.0,3.0,3.0,1.0,1.0,
1015,R_5fjcrirfMR1Dwul,bow and arrow,1.3333333333333333,2.0,1.0,2.0,1.0,1.0,1.0,
1016,R_5fjcrirfMR1Dwul,football player,1.1666666666666667,1.0,1.0,2.0,1.0,1.0,1.0,
1017,R_5fjcrirfMR1Dwul,square,4.166666666666667,5.0,5.0,4.0,5.0,2.0,4.0,
1018,R_5fjcrirfMR1Dwul,pitchfork,1.0,1.0,1.0,1.0,1.0,1.0,1.0,
1019,R_5fjcrirfMR1Dwul,prize ribbon,2.0,2.0,1.0,1.0,5.0,1.0,2.0,
1020,R_5fjcrirfMR1Dwul,computer mouse,5.0,5.0,5.0,5.0,5.0,5.0,5.0,
1021,R_5fjcrirfMR1Dwul,plus sign,1.3333333333333333,1.0,1.0,1.0,1.0,1.0,3.0,
1022,R_5fjcrirfMR1Dwul,turtle,1.0,1.0,1.0,1.0,1.0,1.0,1.0,
1023,R_5fjcrirfMR1Dwul,music clef,3.6666666666666665,5.0,1.0,3.0,3.0,5.0,5.0,
1024,R_5fjcrirfMR1Dwul,down arrow,1.1428571428571428,1.0,1.0,1.0,2.0,1.0,1.0,1.0
1025,R_7IcV6n5DqSpqtcR,sideways h,1.6666666666666667,1.0,1.0,2.0,2.0,1.0,3.0,
1026,R_7IcV6n5DqSpqtcR,two ds,1.5,1.0,1.0,2.0,1.0,2.0,2.0,
1027,R_7IcV6n5DqSpqtcR,umbrella,2.1666666666666665,2.0,2.0,2.0,2.0,4.0,1.0,
1028,R_7IcV6n5DqSpqtcR,mushroom,1.1666666666666667,2.0,1.0,1.0,1.0,1.0,1.0,
1029,R_7IcV6n5DqSpqtcR,pool,1.0,1.0,1.0,1.0,1.0,1.0,1.0,
1030,R_7IcV6n5DqSpqtcR,backwards l,1.1666666666666667,1.0,1.0,1.0,2.0,1.0,1.0,
1031,R_7IcV6n5DqSpqtcR,triangle,1.5,1.0,3.0,2.0,1.0,1.0,1.0,
1032,R_7IcV6n5DqSpqtcR,glasses,3.6666666666666665,4.0,2.0,5.0,4.0,4.0,3.0,
1033,R_7IcV6n5DqSpqtcR,top,2.6666666666666665,2.0,1.0,4.0,5.0,2.0,2.0,
1034,R_7IcV6n5DqSpqtcR,martini glass,4.666666666666667,5.0,4.0,4.0,5.0,5.0,5.0,
1035,R_7IcV6n5DqSpqtcR,glasses and nose,1.3333333333333333,1.0,3.0,1.0,1.0,1.0,1.0,
1036,R_7IcV6n5DqSpqtcR,dog,1.1666666666666667,2.0,1.0,1.0,1.0,1.0,1.0,
1037,R_7IcV6n5DqSpqtcR,eye,1.1666666666666667,2.0,1.0,1.0,1.0,1.0,1.0,
1038,R_6XoaIFqgUFLI7kJ,ladder,5.0,5.0,5.0,5.0,5.0,5.0,5.0,
1039,R_6XoaIFqgUFLI7kJ,glasses,1.8333333333333333,1.0,3.0,1.0,3.0,2.0,1.0,
1040,R_6XoaIFqgUFLI7kJ,butterfly,3.3333333333333335,3.0,3.0,5.0,3.0,4.0,2.0,
1041,R_6XoaIFqgUFLI7kJ,rake,3.5714285714285716,2.0,4.0,5.0,2.0,2.0,5.0,5.0
1042,R_6XoaIFqgUFLI7kJ,faucet,1.3333333333333333,1.0,1.0,3.0,1.0,1.0,1.0,
1043,R_6XoaIFqgUFLI7kJ,bed,2.5,4.0,2.0,4.0,3.0,1.0,1.0,
1044,R_6XoaIFqgUFLI7kJ,bow,4.857142857142857,5.0,5.0,5.0,5.0,5.0,4.0,5.0
1045,R_6XoaIFqgUFLI7kJ,bow,3.0,3.0,5.0,4.0,1.0,3.0,2.0,
1046,R_6XoaIFqgUFLI7kJ,flower bouquet,2.8333333333333335,4.0,1.0,3.0,4.0,3.0,2.0,
1047,R_6XoaIFqgUFLI7kJ,mug,4.166666666666667,4.0,5.0,3.0,5.0,4.0,4.0,
1048,R_6XoaIFqgUFLI7kJ,clock,4.666666666666667,5.0,4.0,5.0,4.0,5.0,5.0,
1049,R_6XoaIFqgUFLI7kJ,letter e,1.0,1.0,1.0,1.0,1.0,1.0,1.0,
1050,R_7JKsUnPA3jzjDRI,snowman,1.0,1.0,1.0,1.0,1.0,1.0,1.0,
1051,R_7JKsUnPA3jzjDRI,road,1.0,1.0,1.0,1.0,1.0,1.0,1.0,
1052,R_7JKsUnPA3jzjDRI,box,1.0,1.0,1.0,1.0,1.0,1.0,1.0,
1053,R_7JKsUnPA3jzjDRI,key,1.1428571428571428,2.0,1.0,1.0,1.0,1.0,1.0,1.0
1054,R_7JKsUnPA3jzjDRI,smiley face,1.0,1.0,1.0,1.0,1.0,1.0,1.0,
1055,R_7JKsUnPA3jzjDRI,cup,3.8333333333333335,4.0,2.0,5.0,4.0,5.0,3.0,
1056,R_7JKsUnPA3jzjDRI,window,4.833333333333333,5.0,5.0,4.0,5.0,5.0,5.0,
1057,R_7JKsUnPA3jzjDRI,heart,4.333333333333333,3.0,5.0,5.0,4.0,5.0,4.0,
1058,R_7JKsUnPA3jzjDRI,triangle,1.0,1.0,1.0,1.0,1.0,1.0,1.0,
1059,R_7JKsUnPA3jzjDRI,sailboat,4.833333333333333,5.0,5.0,5.0,4.0,5.0,5.0,
1060,R_7JKsUnPA3jzjDRI,arrow,1.5,2.0,2.0,1.0,2.0,1.0,1.0,
1061,R_7JKsUnPA3jzjDRI,pie chart,2.0,4.0,1.0,3.0,1.0,2.0,1.0,
1062,R_1NxJpYzFJggITGm,ladder,4.5,5.0,4.0,4.0,5.0,4.0,5.0,
1063,R_1NxJpYzFJggITGm,scissors,1.3333333333333333,2.0,2.0,1.0,1.0,1.0,1.0,
1064,R_1NxJpYzFJggITGm,glasses,3.3333333333333335,2.0,3.0,4.0,2.0,5.0,4.0,
1065,R_1NxJpYzFJggITGm,letter a,1.0,1.0,1.0,1.0,1.0,1.0,1.0,
1066,R_1NxJpYzFJggITGm,hill,1.0,1.0,1.0,1.0,1.0,1.0,1.0,
1067,R_1NxJpYzFJggITGm,letter t,1.1666666666666667,2.0,1.0,1.0,1.0,1.0,1.0,
1068,R_1NxJpYzFJggITGm,plug,1.3333333333333333,1.0,1.0,1.0,2.0,1.0,2.0,
1069,R_1NxJpYzFJggITGm,eyeglasses,3.5,3.0,4.0,2.0,5.0,3.0,4.0,
1070,R_1NxJpYzFJggITGm,bird,1.1666666666666667,1.0,1.0,1.0,1.0,1.0,2.0,
1071,R_1NxJpYzFJggITGm,cherries,2.5,5.0,1.0,4.0,2.0,1.0,2.0,
1072,R_1NxJpYzFJggITGm,flower,3.142857142857143,4.0,4.0,4.0,3.0,2.0,3.0,2.0
1073,R_1NxJpYzFJggITGm,balloon,1.1666666666666667,2.0,1.0,1.0,1.0,1.0,1.0,
1074,R_1NxJpYzFJggITGm,clover,1.1428571428571428,1.0,1.0,2.0,1.0,1.0,1.0,1.0
1075,R_1NxJpYzFJggITGm,key,2.6666666666666665,2.0,3.0,2.0,2.0,3.0,4.0,
1076,R_1NxJpYzFJggITGm,sliced pie,3.2857142857142856,2.0,2.0,3.0,4.0,5.0,2.0,5.0
1077,R_67jsyOVtJ4io3hM,ladder,5.0,5.0,5.0,5.0,5.0,5.0,5.0,
1078,R_67jsyOVtJ4io3hM,stairs,1.3333333333333333,1.0,3.0,1.0,1.0,1.0,1.0,
1079,R_67jsyOVtJ4io3hM,glasses,1.8333333333333333,1.0,3.0,1.0,3.0,2.0,1.0,
1080,R_67jsyOVtJ4io3hM,broom,1.8333333333333333,2.0,1.0,1.0,4.0,2.0,1.0,
1081,R_67jsyOVtJ4io3hM,ice cream,4.8,5.0,5.0,5.0,4.0,5.0,,
1082,R_67jsyOVtJ4io3hM,pedestal,2.1666666666666665,4.0,3.0,2.0,1.0,1.0,2.0,
1083,R_67jsyOVtJ4io3hM,statue,3.8,5.0,3.0,5.0,4.0,2.0,,
1084,R_67jsyOVtJ4io3hM,rake,1.0,1.0,1.0,1.0,1.0,1.0,1.0,
1085,R_67jsyOVtJ4io3hM,lamp,1.6666666666666667,1.0,1.0,2.0,1.0,2.0,3.0,
1086,R_67jsyOVtJ4io3hM,mop,2.6,3.0,3.0,1.0,2.0,4.0,,
1087,R_67jsyOVtJ4io3hM,nose/eyes,2.6666666666666665,2.0,2.0,2.0,4.0,3.0,3.0,
1088,R_67jsyOVtJ4io3hM,crane,1.8333333333333333,2.0,2.0,1.0,1.0,4.0,1.0,
1089,R_67jsyOVtJ4io3hM,toothbrush,1.1428571428571428,2.0,1.0,1.0,1.0,1.0,1.0,1.0
1090,R_67jsyOVtJ4io3hM,sailboat,4.833333333333333,5.0,5.0,5.0,4.0,5.0,5.0,
1091,R_67jsyOVtJ4io3hM,stand,2.1666666666666665,3.0,1.0,2.0,2.0,3.0,2.0,
1092,R_3rUW4R8o2RDWKZB,ladder,5.0,5.0,5.0,5.0,5.0,5.0,5.0,
1093,R_3rUW4R8o2RDWKZB,ladder,4.5,5.0,4.0,4.0,5.0,4.0,5.0,
1094,R_3rUW4R8o2RDWKZB,arrow,4.333333333333333,5.0,3.0,4.0,5.0,5.0,4.0,
1095,R_3rUW4R8o2RDWKZB,sideways e,2.6666666666666665,4.0,2.0,2.0,3.0,2.0,3.0,
1096,R_3rUW4R8o2RDWKZB,icecream cone,4.833333333333333,5.0,5.0,4.0,5.0,5.0,5.0,
1097,R_3rUW4R8o2RDWKZB,icecream cone,4.5,5.0,5.0,2.0,5.0,5.0,5.0,
1098,R_3rUW4R8o2RDWKZB,house,1.0,1.0,1.0,1.0,1.0,1.0,1.0,
1099,R_3rUW4R8o2RDWKZB,stick figure,3.4285714285714284,3.0,1.0,5.0,4.0,3.0,5.0,3.0
1100,R_3rUW4R8o2RDWKZB,antenna,2.3333333333333335,1.0,2.0,2.0,3.0,5.0,1.0,
1101,R_3rUW4R8o2RDWKZB,flower,3.142857142857143,4.0,4.0,4.0,3.0,2.0,3.0,2.0
1102,R_3rUW4R8o2RDWKZB,balcony,1.1666666666666667,1.0,2.0,1.0,1.0,1.0,1.0,
1103,R_3rUW4R8o2RDWKZB,head,1.1666666666666667,1.0,1.0,2.0,1.0,1.0,1.0,
1104,R_3rUW4R8o2RDWKZB,letter t,5.0,5.0,5.0,5.0,5.0,5.0,5.0,
1105,R_3rUW4R8o2RDWKZB,arrow,1.5,2.0,2.0,1.0,2.0,1.0,1.0,
1106,R_1QDFcDrzwXtPhSw,cherry,1.1666666666666667,2.0,1.0,1.0,1.0,1.0,1.0,
1107,R_1QDFcDrzwXtPhSw,butterfly,3.3333333333333335,3.0,3.0,5.0,3.0,4.0,2.0,
1108,R_1QDFcDrzwXtPhSw,candelabra,3.6666666666666665,2.0,4.0,4.0,5.0,4.0,3.0,
1109,R_1QDFcDrzwXtPhSw,ice cream,4.833333333333333,5.0,5.0,5.0,5.0,5.0,4.0,
1110,R_1QDFcDrzwXtPhSw,snowglobe,2.1666666666666665,2.0,2.0,5.0,1.0,1.0,2.0,
1111,R_1QDFcDrzwXtPhSw,lollipop,4.5,5.0,5.0,4.0,3.0,5.0,5.0,
1112,R_1QDFcDrzwXtPhSw,number 4,1.8333333333333333,2.0,1.0,1.0,3.0,2.0,2.0,
1113,R_1QDFcDrzwXtPhSw,fish bone,2.5,2.0,2.0,3.0,3.0,3.0,2.0,
1114,R_1QDFcDrzwXtPhSw,clover,3.7142857142857144,2.0,3.0,3.0,5.0,3.0,5.0,5.0
1115,R_1QDFcDrzwXtPhSw,cup,4.333333333333333,4.0,4.0,4.0,5.0,5.0,4.0,
1116,R_1QDFcDrzwXtPhSw,grenade,2.0,1.0,2.0,1.0,4.0,1.0,4.0,1.0
1117,R_1QDFcDrzwXtPhSw,letter t,5.0,5.0,5.0,5.0,5.0,5.0,5.0,
1118,R_1QDFcDrzwXtPhSw,letter f,5.0,5.0,5.0,5.0,5.0,5.0,5.0,5.0
1119,R_1QDFcDrzwXtPhSw,music note,4.333333333333333,5.0,5.0,4.0,5.0,3.0,4.0,
1120,R_1QDFcDrzwXtPhSw,cat snout,3.1666666666666665,3.0,1.0,2.0,5.0,5.0,3.0,
1121,R_5dWeWShB7qgdljb,zibracrossing,2.0,2.0,2.0,1.0,1.0,2.0,4.0,
1122,R_5dWeWShB7qgdljb,goggles,2.0,4.0,2.0,1.0,3.0,1.0,1.0,
1123,R_5dWeWShB7qgdljb,spetacle,3.1666666666666665,3.0,5.0,3.0,2.0,1.0,5.0,
1124,R_5dWeWShB7qgdljb,shovel,2.1666666666666665,3.0,1.0,2.0,2.0,3.0,2.0,
1125,R_5dWeWShB7qgdljb,ice cream,4.8,5.0,5.0,5.0,4.0,5.0,,
1126,R_5dWeWShB7qgdljb,ballon,1.0,1.0,1.0,1.0,1.0,1.0,1.0,
1127,R_5dWeWShB7qgdljb,eight,1.5,1.0,2.0,2.0,1.0,2.0,1.0,
1128,R_5dWeWShB7qgdljb,fork,1.0,1.0,1.0,1.0,1.0,1.0,1.0,
1129,R_5dWeWShB7qgdljb,arrow,2.3333333333333335,1.0,3.0,2.0,4.0,3.0,1.0,
1130,R_5dWeWShB7qgdljb,ice cream,1.0,1.0,1.0,1.0,1.0,1.0,1.0,
1131,R_5dWeWShB7qgdljb,musical symbol,1.1666666666666667,2.0,1.0,1.0,1.0,1.0,1.0,
1132,R_5dWeWShB7qgdljb,cartoon image,3.3333333333333335,5.0,5.0,2.0,4.0,3.0,1.0,
1133,R_18IHc8q1xLCnQHe,glasses,2.3333333333333335,4.0,1.0,2.0,3.0,1.0,3.0,
1134,R_18IHc8q1xLCnQHe,glasses,3.3333333333333335,2.0,3.0,4.0,2.0,5.0,4.0,
1135,R_18IHc8q1xLCnQHe,butterfly,3.3333333333333335,3.0,3.0,5.0,3.0,4.0,2.0,
1136,R_18IHc8q1xLCnQHe,ice cream,4.833333333333333,5.0,5.0,5.0,5.0,5.0,4.0,
1137,R_18IHc8q1xLCnQHe,shovel,3.6666666666666665,2.0,5.0,5.0,4.0,4.0,2.0,
1138,R_18IHc8q1xLCnQHe,shovel,3.6666666666666665,2.0,4.0,4.0,5.0,4.0,3.0,
1139,R_18IHc8q1xLCnQHe,ice cream,3.0,2.0,3.0,3.0,3.0,5.0,2.0,
1140,R_18IHc8q1xLCnQHe,ice cream,4.166666666666667,5.0,5.0,5.0,4.0,4.0,2.0,
1141,R_6kgGwRyVnn2pfaN,glasses,2.8333333333333335,2.0,2.0,4.0,2.0,5.0,2.0,
1142,R_6kgGwRyVnn2pfaN,bd,5.0,5.0,5.0,5.0,5.0,5.0,5.0,
1143,R_6kgGwRyVnn2pfaN,comb,1.8333333333333333,2.0,2.0,3.0,1.0,2.0,1.0,
1144,R_6kgGwRyVnn2pfaN,sd,2.1666666666666665,3.0,1.0,1.0,2.0,3.0,3.0,
1145,R_6kgGwRyVnn2pfaN,hourglass,2.5,4.0,3.0,1.0,2.0,2.0,3.0,
1146,R_6kgGwRyVnn2pfaN,infinity symbol,1.3333333333333333,2.0,1.0,1.0,1.0,1.0,2.0,
1147,R_6kgGwRyVnn2pfaN,shovel,3.6666666666666665,2.0,5.0,5.0,4.0,4.0,2.0,
1148,R_6kgGwRyVnn2pfaN,anchor,2.5,1.0,2.0,4.0,4.0,1.0,3.0,
1149,R_6kgGwRyVnn2pfaN,stick figure,3.4285714285714284,3.0,1.0,5.0,4.0,3.0,5.0,3.0
1150,R_6kgGwRyVnn2pfaN,glass,4.833333333333333,5.0,4.0,5.0,5.0,5.0,5.0,
1151,R_6kgGwRyVnn2pfaN,teepee,2.6666666666666665,2.0,4.0,3.0,2.0,3.0,2.0,
1152,R_6kgGwRyVnn2pfaN,vase,1.0,1.0,1.0,1.0,1.0,1.0,1.0,
1153,R_6kgGwRyVnn2pfaN,heart,4.333333333333333,3.0,5.0,5.0,4.0,5.0,4.0,
1154,R_6kgGwRyVnn2pfaN,letter e,1.0,1.0,1.0,1.0,1.0,1.0,1.0,
1155,R_6kgGwRyVnn2pfaN,glass,3.3333333333333335,3.0,5.0,2.0,3.0,2.0,5.0,
1156,R_1HvLzzAFpuugjE9,ladder,4.5,5.0,4.0,4.0,5.0,4.0,5.0,
1157,R_1HvLzzAFpuugjE9,tree,3.6666666666666665,4.0,3.0,4.0,3.0,5.0,3.0,
1158,R_1HvLzzAFpuugjE9,lightbulb,2.3333333333333335,1.0,4.0,2.0,1.0,1.0,5.0,
1159,R_1HvLzzAFpuugjE9,purse,1.1666666666666667,1.0,1.0,1.0,1.0,1.0,2.0,
1160,R_1HvLzzAFpuugjE9,person's torso,2.5,2.0,3.0,4.0,3.0,2.0,1.0,
1161,R_1HvLzzAFpuugjE9,glasses,2.0,1.0,2.0,3.0,2.0,2.0,,
1162,R_1HvLzzAFpuugjE9,person's torso,1.6666666666666667,1.0,2.0,2.0,2.0,1.0,2.0,
1163,R_1HvLzzAFpuugjE9,lamp,2.3333333333333335,4.0,2.0,2.0,1.0,3.0,2.0,
1164,R_1HvLzzAFpuugjE9,tetris block,3.0,5.0,4.0,1.0,5.0,1.0,2.0,
1165,R_1HvLzzAFpuugjE9,tv,3.6666666666666665,3.0,4.0,2.0,4.0,4.0,5.0,
1166,R_3hGCmhPK0roMNK6,ladder,4.5,5.0,4.0,4.0,5.0,4.0,5.0,
1167,R_3hGCmhPK0roMNK6,ant,1.3333333333333333,1.0,3.0,1.0,1.0,1.0,1.0,
1168,R_3hGCmhPK0roMNK6,butterfly,3.2,2.0,4.0,1.0,5.0,4.0,,
1169,R_3hGCmhPK0roMNK6,arrow,2.0,3.0,2.0,2.0,3.0,1.0,1.0,
1170,R_3hGCmhPK0roMNK6,tulip,1.0,1.0,1.0,1.0,1.0,1.0,1.0,
1171,R_3hGCmhPK0roMNK6,flower,1.3333333333333333,2.0,1.0,2.0,1.0,1.0,1.0,
1172,R_3hGCmhPK0roMNK6,bee,1.0,1.0,1.0,1.0,1.0,1.0,1.0,
1173,R_3hGCmhPK0roMNK6,dog,1.3333333333333333,1.0,2.0,2.0,1.0,1.0,1.0,
1174,R_3hGCmhPK0roMNK6,boat,1.0,1.0,1.0,1.0,1.0,1.0,1.0,1.0
1175,R_3hGCmhPK0roMNK6,bike handle,1.0,1.0,1.0,1.0,1.0,1.0,1.0,
1176,R_3hGCmhPK0roMNK6,bike,1.0,1.0,1.0,1.0,1.0,1.0,1.0,
1177,R_3hGCmhPK0roMNK6,a tree,1.5,2.0,1.0,1.0,1.0,2.0,2.0,
1178,R_3hGCmhPK0roMNK6,stick figure,4.833333333333333,5.0,5.0,5.0,5.0,5.0,4.0,
1179,R_3hGCmhPK0roMNK6,butterfly,1.1666666666666667,1.0,1.0,1.0,1.0,1.0,2.0,
1180,R_3wo5ExxrXHBVtdF,glasses,1.8333333333333333,1.0,3.0,1.0,3.0,2.0,1.0,
1181,R_3wo5ExxrXHBVtdF,butterfly,3.3333333333333335,3.0,3.0,5.0,3.0,4.0,2.0,
1182,R_3wo5ExxrXHBVtdF,butterfly,3.2,2.0,4.0,1.0,5.0,4.0,,
1183,R_3wo5ExxrXHBVtdF,bug,1.0,1.0,1.0,1.0,1.0,1.0,1.0,
1184,R_3wo5ExxrXHBVtdF,tear drop,1.1666666666666667,1.0,1.0,1.0,1.0,1.0,2.0,
1185,R_3wo5ExxrXHBVtdF,pentagon,3.0,1.0,5.0,3.0,1.0,5.0,,
1186,R_3wo5ExxrXHBVtdF,icecream cone,4.833333333333333,5.0,5.0,4.0,5.0,5.0,5.0,
1187,R_3wo5ExxrXHBVtdF,arrowhead,1.6666666666666667,1.0,1.0,4.0,2.0,1.0,1.0,
1188,R_3wo5ExxrXHBVtdF,stick person,3.3333333333333335,3.0,2.0,5.0,4.0,3.0,3.0,
1189,R_3wo5ExxrXHBVtdF,face,1.5,3.0,1.0,1.0,2.0,1.0,1.0,
1190,R_3wo5ExxrXHBVtdF,face,2.0,2.0,2.0,2.0,2.0,2.0,2.0,
1191,R_3wo5ExxrXHBVtdF,note,1.1666666666666667,1.0,1.0,1.0,1.0,1.0,2.0,
1192,R_3wo5ExxrXHBVtdF,person,1.0,1.0,1.0,1.0,1.0,1.0,1.0,
1193,R_3wo5ExxrXHBVtdF,letter t,1.0,1.0,1.0,1.0,1.0,1.0,1.0,
1194,R_3wo5ExxrXHBVtdF,music note,4.333333333333333,5.0,5.0,4.0,5.0,3.0,4.0,
1195,R_3pECSJ1nV3ebG8v,eye glasses,2.1666666666666665,2.0,1.0,1.0,2.0,4.0,3.0,
1196,R_3pECSJ1nV3ebG8v,goggles,3.3333333333333335,3.0,3.0,2.0,3.0,5.0,4.0,
1197,R_3pECSJ1nV3ebG8v,arrow,4.333333333333333,5.0,3.0,4.0,5.0,5.0,4.0,
1198,R_3pECSJ1nV3ebG8v,fork,4.0,3.0,5.0,5.0,2.0,4.0,5.0,
1199,R_3pECSJ1nV3ebG8v,diamond,1.0,1.0,1.0,1.0,1.0,1.0,1.0,
1200,R_3pECSJ1nV3ebG8v,cat,1.0,1.0,1.0,1.0,1.0,1.0,1.0,
1201,R_3pECSJ1nV3ebG8v,letter h,2.5,1.0,4.0,3.0,4.0,1.0,2.0,
1202,R_3pECSJ1nV3ebG8v,candy bar,1.3333333333333333,1.0,2.0,1.0,2.0,1.0,1.0,
1203,R_3pECSJ1nV3ebG8v,spatula,1.5,3.0,1.0,1.0,1.0,2.0,1.0,
1204,R_3pECSJ1nV3ebG8v,eyes nose,2.0,1.0,3.0,2.0,2.0,2.0,2.0,
1205,R_3pECSJ1nV3ebG8v,two boxes,1.5,2.0,2.0,2.0,1.0,1.0,1.0,
1206,R_3pECSJ1nV3ebG8v,pendulum,1.1666666666666667,1.0,1.0,1.0,1.0,2.0,1.0,
1207,R_3pECSJ1nV3ebG8v,circle square,1.5,1.0,2.0,3.0,1.0,1.0,1.0,
1208,R_3pECSJ1nV3ebG8v,dog shape,1.3333333333333333,1.0,2.0,1.0,2.0,1.0,1.0,
1209,R_3pECSJ1nV3ebG8v,music note,4.333333333333333,5.0,5.0,4.0,5.0,3.0,4.0,
1210,R_3LYjBidWcX7T3mo,dior,1.1666666666666667,1.0,1.0,1.0,1.0,1.0,2.0,
1211,R_3LYjBidWcX7T3mo,kite,1.0,1.0,1.0,1.0,1.0,1.0,1.0,
1212,R_3LYjBidWcX7T3mo,house,1.1666666666666667,1.0,1.0,2.0,1.0,1.0,1.0,
1213,R_3LYjBidWcX7T3mo,hanger,1.6,1.0,2.0,1.0,1.0,3.0,,
1214,R_3LYjBidWcX7T3mo,hanger,1.3333333333333333,1.0,3.0,1.0,1.0,1.0,1.0,
1215,R_3LYjBidWcX7T3mo,padlock,1.8333333333333333,3.0,2.0,1.0,2.0,2.0,1.0,
1216,R_3LYjBidWcX7T3mo,plus sign,1.0,1.0,1.0,1.0,1.0,1.0,1.0,
1217,R_3LYjBidWcX7T3mo,pickaxe,2.8333333333333335,2.0,2.0,1.0,3.0,5.0,4.0,
1218,R_3LYjBidWcX7T3mo,euro symbol,1.5,1.0,1.0,4.0,1.0,1.0,1.0,
1219,R_3LYjBidWcX7T3mo,glasses,3.6666666666666665,4.0,2.0,5.0,4.0,4.0,3.0,
1220,R_3LYjBidWcX7T3mo,semi circle,1.0,1.0,1.0,1.0,1.0,1.0,1.0,
1221,R_3LYjBidWcX7T3mo,heart,1.0,1.0,1.0,1.0,1.0,1.0,1.0,
1222,R_3LYjBidWcX7T3mo,hourglass,1.0,1.0,1.0,1.0,1.0,1.0,1.0,
1223,R_3kvWEB9djiIi0IW,ladder,4.5,5.0,4.0,4.0,5.0,4.0,5.0,
1224,R_3kvWEB9djiIi0IW,glasses,2.3333333333333335,4.0,1.0,2.0,3.0,1.0,3.0,
1225,R_3kvWEB9djiIi0IW,headphones,4.666666666666667,5.0,4.0,5.0,4.0,5.0,5.0,
1226,R_3kvWEB9djiIi0IW,abstract eyeball,1.1666666666666667,1.0,1.0,2.0,1.0,1.0,1.0,
1227,R_3kvWEB9djiIi0IW,kite,1.8333333333333333,3.0,3.0,1.0,1.0,2.0,1.0,
1228,R_3kvWEB9djiIi0IW,lollipop,4.5,5.0,5.0,4.0,3.0,5.0,5.0,
1229,R_3kvWEB9djiIi0IW,infinity pyramid,2.0,1.0,3.0,2.0,4.0,1.0,1.0,
1230,R_3kvWEB9djiIi0IW,pitchfork,2.8333333333333335,4.0,3.0,1.0,5.0,2.0,2.0,
1231,R_3kvWEB9djiIi0IW,ice cream,4.166666666666667,5.0,5.0,5.0,4.0,4.0,2.0,
1232,R_3kvWEB9djiIi0IW,pc,1.0,1.0,1.0,1.0,1.0,1.0,1.0,
1233,R_3kvWEB9djiIi0IW,balloon,1.3333333333333333,2.0,1.0,1.0,1.0,2.0,1.0,
1234,R_3kvWEB9djiIi0IW,letter t,5.0,5.0,5.0,5.0,5.0,5.0,5.0,
1235,R_3kvWEB9djiIi0IW,heart,4.333333333333333,3.0,5.0,5.0,4.0,5.0,4.0,
1236,R_3kvWEB9djiIi0IW,stick figure,4.833333333333333,5.0,5.0,5.0,5.0,5.0,4.0,
1237,R_3kvWEB9djiIi0IW,abstract umbrella,1.5,2.0,1.0,1.0,2.0,1.0,2.0,
1238,R_1FenkheohNSgeLu,glasses,2.3333333333333335,4.0,1.0,2.0,3.0,1.0,3.0,
1239,R_1FenkheohNSgeLu,percentage sign,1.3333333333333333,1.0,1.0,2.0,1.0,1.0,2.0,
1240,R_1FenkheohNSgeLu,arrow,4.333333333333333,5.0,3.0,4.0,5.0,5.0,4.0,
1241,R_1FenkheohNSgeLu,butterfly,3.2,2.0,4.0,1.0,5.0,4.0,,
1242,R_1FenkheohNSgeLu,speaker sign,2.5714285714285716,2.0,5.0,1.0,3.0,2.0,3.0,2.0
1243,R_1FenkheohNSgeLu,glasses,3.6666666666666665,4.0,2.0,5.0,4.0,4.0,3.0,
1244,R_1FenkheohNSgeLu,hanger,1.4,1.0,2.0,1.0,2.0,1.0,,
1245,R_1FenkheohNSgeLu,balloons,3.0,3.0,2.0,3.0,2.0,5.0,3.0,
1246,R_1FenkheohNSgeLu,necklace,1.1666666666666667,1.0,1.0,1.0,1.0,2.0,1.0,
1247,R_1FenkheohNSgeLu,port,1.1666666666666667,1.0,2.0,1.0,1.0,1.0,1.0,
1248,R_1FenkheohNSgeLu,lamp,1.3333333333333333,1.0,1.0,1.0,1.0,3.0,1.0,
1249,R_1FenkheohNSgeLu,square,1.0,1.0,1.0,1.0,1.0,1.0,1.0,
1250,R_1FenkheohNSgeLu,beach,1.0,1.0,1.0,1.0,1.0,1.0,1.0,
1251,R_1FenkheohNSgeLu,key,1.1428571428571428,1.0,1.0,1.0,1.0,1.0,2.0,1.0
1252,R_1FenkheohNSgeLu,aircraft,1.0,1.0,1.0,1.0,1.0,1.0,1.0,
1253,R_1PcY1LS2Mfhz64A,glasses,3.3333333333333335,2.0,3.0,4.0,2.0,5.0,4.0,
1254,R_1PcY1LS2Mfhz64A,stick figure,2.2,1.0,1.0,5.0,1.0,3.0,,
1255,R_1PcY1LS2Mfhz64A,bag,1.4,2.0,1.0,1.0,2.0,1.0,,
1256,R_1PcY1LS2Mfhz64A,buck teeth,1.6666666666666667,3.0,3.0,1.0,1.0,1.0,1.0,
1257,R_1PcY1LS2Mfhz64A,cup,3.5,5.0,5.0,5.0,4.0,1.0,1.0,
1258,R_1PcY1LS2Mfhz64A,oval,1.5,2.0,2.0,2.0,1.0,1.0,1.0,
1259,R_1PcY1LS2Mfhz64A,ballon,1.0,1.0,1.0,1.0,1.0,1.0,1.0,
1260,R_1PcY1LS2Mfhz64A,circle,1.0,1.0,1.0,1.0,1.0,1.0,1.0,1.0
1261,R_1PcY1LS2Mfhz64A,lowercase h,3.8333333333333335,4.0,4.0,1.0,5.0,5.0,4.0,
1262,R_1PcY1LS2Mfhz64A,person,1.1666666666666667,1.0,1.0,1.0,2.0,1.0,1.0,
1263,R_1PcY1LS2Mfhz64A,grid,4.0,4.0,5.0,5.0,4.0,3.0,3.0,
1264,R_1PcY1LS2Mfhz64A,line graph,1.8333333333333333,2.0,4.0,1.0,2.0,1.0,1.0,
1265,R_1PcY1LS2Mfhz64A,arrow,1.0,1.0,1.0,1.0,1.0,1.0,,
1266,R_1PcY1LS2Mfhz64A,boat,4.833333333333333,5.0,5.0,5.0,4.0,5.0,5.0,
1267,R_32V2gkHfxz9ROBB,bra,2.142857142857143,1.0,2.0,2.0,2.0,3.0,3.0,2.0
1268,R_32V2gkHfxz9ROBB,horse barn,1.1666666666666667,1.0,1.0,1.0,2.0,1.0,1.0,
1269,R_32V2gkHfxz9ROBB,fork,4.0,3.0,5.0,5.0,2.0,4.0,5.0,
1270,R_32V2gkHfxz9ROBB,umbrella,1.0,1.0,1.0,1.0,1.0,1.0,1.0,1.0
1271,R_32V2gkHfxz9ROBB,house,3.6666666666666665,3.0,5.0,4.0,3.0,3.0,4.0,
1272,R_32V2gkHfxz9ROBB,ice cream,4.0,5.0,3.0,5.0,5.0,1.0,5.0,
1273,R_32V2gkHfxz9ROBB,ying yang,1.1666666666666667,1.0,1.0,2.0,1.0,1.0,1.0,
1274,R_32V2gkHfxz9ROBB,ring,2.5,4.0,1.0,2.0,4.0,2.0,2.0,
1275,R_32V2gkHfxz9ROBB,fish,1.8333333333333333,2.0,3.0,1.0,2.0,1.0,2.0,
1276,R_32V2gkHfxz9ROBB,comb,1.0,1.0,1.0,1.0,1.0,1.0,1.0,
1277,R_32V2gkHfxz9ROBB,basket,1.8333333333333333,3.0,2.0,2.0,1.0,2.0,1.0,
1278,R_32V2gkHfxz9ROBB,fish,1.3333333333333333,1.0,1.0,1.0,2.0,2.0,1.0,
1279,R_32V2gkHfxz9ROBB,hospital sign,1.0,1.0,1.0,1.0,1.0,1.0,1.0,
1280,R_32V2gkHfxz9ROBB,letter f,5.0,5.0,5.0,5.0,5.0,5.0,5.0,5.0
1281,R_32V2gkHfxz9ROBB,sailboat,4.833333333333333,5.0,5.0,5.0,4.0,5.0,5.0,
1282,R_6HAHLrUWhq9nby4,bed,1.0,1.0,1.0,1.0,1.0,1.0,1.0,
1283,R_6HAHLrUWhq9nby4,butterfly,3.3333333333333335,3.0,3.0,5.0,3.0,4.0,2.0,
1284,R_6HAHLrUWhq9nby4,two squares,1.0,1.0,1.0,1.0,1.0,1.0,,
1285,R_6HAHLrUWhq9nby4,arrow,2.0,3.0,2.0,2.0,3.0,1.0,1.0,
1286,R_6HAHLrUWhq9nby4,ice cream,4.833333333333333,5.0,5.0,5.0,5.0,5.0,4.0,
1287,R_6HAHLrUWhq9nby4,capital b,1.3333333333333333,1.0,1.0,2.0,1.0,1.0,2.0,
1288,R_6HAHLrUWhq9nby4,lollipop,4.5,5.0,5.0,4.0,3.0,5.0,5.0,
1289,R_6HAHLrUWhq9nby4,letter h,2.5,1.0,4.0,3.0,4.0,1.0,2.0,
1290,R_6HAHLrUWhq9nby4,door,4.666666666666667,4.0,5.0,5.0,4.0,5.0,5.0,
1291,R_6HAHLrUWhq9nby4,snowman,1.5,1.0,2.0,3.0,1.0,1.0,1.0,
1292,R_6HAHLrUWhq9nby4,race track,1.6666666666666667,4.0,2.0,1.0,1.0,1.0,1.0,
1293,R_6HAHLrUWhq9nby4,mushroom,3.1666666666666665,2.0,4.0,4.0,3.0,4.0,2.0,
1294,R_6HAHLrUWhq9nby4,heart,4.333333333333333,3.0,5.0,5.0,4.0,5.0,4.0,
1295,R_6HAHLrUWhq9nby4,stick person,5.0,5.0,5.0,5.0,5.0,5.0,5.0,
1296,R_6HAHLrUWhq9nby4,line,1.8,1.0,2.0,2.0,1.0,3.0,,
1297,R_7Kuxq2JKf3BOKPH,ladder,5.0,5.0,5.0,5.0,5.0,5.0,5.0,
1298,R_7Kuxq2JKf3BOKPH,fork,4.0,3.0,5.0,5.0,2.0,4.0,5.0,
1299,R_7Kuxq2JKf3BOKPH,cup,3.5,5.0,5.0,5.0,4.0,1.0,1.0,
1300,R_7Kuxq2JKf3BOKPH,sunglasses,1.8571428571428572,1.0,1.0,1.0,5.0,1.0,3.0,1.0
1301,R_7Kuxq2JKf3BOKPH,cone,4.666666666666667,5.0,4.0,4.0,5.0,5.0,5.0,
1302,R_7Kuxq2JKf3BOKPH,cone,3.1666666666666665,3.0,5.0,2.0,2.0,3.0,4.0,
1303,R_7Kuxq2JKf3BOKPH,dollar sign,1.0,1.0,1.0,1.0,1.0,1.0,,
1304,R_7Kuxq2JKf3BOKPH,stick figure,1.8333333333333333,1.0,1.0,2.0,3.0,3.0,1.0,
1305,R_7Kuxq2JKf3BOKPH,eye,1.1428571428571428,1.0,1.0,1.0,2.0,1.0,1.0,1.0
1306,R_7Kuxq2JKf3BOKPH,bow tie,3.0,1.0,4.0,4.0,1.0,5.0,3.0,
1307,R_7Kuxq2JKf3BOKPH,fork,2.1666666666666665,3.0,2.0,2.0,3.0,1.0,2.0,
1308,R_7Kuxq2JKf3BOKPH,watch,1.5714285714285714,1.0,3.0,2.0,2.0,1.0,1.0,1.0
1309,R_7Kuxq2JKf3BOKPH,tadpole,2.5714285714285716,1.0,4.0,2.0,3.0,2.0,3.0,3.0
1310,R_7Kuxq2JKf3BOKPH,letter t,5.0,5.0,5.0,5.0,5.0,5.0,5.0,
1311,R_6RqfSAN0DF8nnsa,ladder,5.0,5.0,5.0,5.0,5.0,5.0,5.0,
1312,R_6RqfSAN0DF8nnsa,tree,3.6666666666666665,4.0,3.0,4.0,3.0,5.0,3.0,
1313,R_6RqfSAN0DF8nnsa,propeller hat,1.3333333333333333,2.0,1.0,1.0,1.0,2.0,1.0,
1314,R_6RqfSAN0DF8nnsa,baseball pendant,4.0,2.0,5.0,3.0,4.0,5.0,5.0,
1315,R_6RqfSAN0DF8nnsa,eyeglasses,3.5,3.0,4.0,2.0,5.0,3.0,4.0,
1316,R_6RqfSAN0DF8nnsa,bow and arrow,2.0,1.0,2.0,4.0,1.0,2.0,2.0,
1317,R_6RqfSAN0DF8nnsa,stick figure,1.6666666666666667,1.0,3.0,1.0,1.0,2.0,2.0,
1318,R_6RqfSAN0DF8nnsa,plunger,3.6666666666666665,4.0,1.0,5.0,4.0,3.0,5.0,
1319,R_6RqfSAN0DF8nnsa,movie projector,1.8333333333333333,1.0,4.0,2.0,2.0,1.0,1.0,
1320,R_6RqfSAN0DF8nnsa,rake,3.1666666666666665,4.0,4.0,3.0,1.0,3.0,4.0,
1321,R_6RqfSAN0DF8nnsa,flower,3.142857142857143,4.0,4.0,4.0,3.0,2.0,3.0,2.0
1322,R_6RqfSAN0DF8nnsa,ice cream,3.0,2.0,3.0,3.0,3.0,5.0,2.0,
1323,R_6RqfSAN0DF8nnsa,coffee cup,4.6,5.0,4.0,5.0,5.0,4.0,,
1324,R_6RqfSAN0DF8nnsa,lobby button,2.3333333333333335,1.0,3.0,5.0,1.0,2.0,2.0,
1325,R_6RqfSAN0DF8nnsa,present,1.6666666666666667,1.0,4.0,1.0,2.0,1.0,1.0,
1326,R_1paSSMOwVWpJyn2,glasses,2.8333333333333335,2.0,2.0,4.0,2.0,5.0,2.0,
1327,R_1paSSMOwVWpJyn2,bow tie,1.3333333333333333,2.0,1.0,1.0,1.0,2.0,1.0,
1328,R_1paSSMOwVWpJyn2,brush,1.4285714285714286,1.0,2.0,2.0,1.0,1.0,1.0,2.0
1329,R_1paSSMOwVWpJyn2,wine glass,4.833333333333333,5.0,4.0,5.0,5.0,5.0,5.0,
1330,R_1paSSMOwVWpJyn2,icecream cone,4.833333333333333,5.0,5.0,4.0,5.0,5.0,5.0,
1331,R_1paSSMOwVWpJyn2,computer mouse,4.333333333333333,4.0,5.0,5.0,2.0,5.0,5.0,
1332,R_1paSSMOwVWpJyn2,letter j,1.8333333333333333,4.0,1.0,1.0,2.0,1.0,2.0,
1333,R_1paSSMOwVWpJyn2,glasses,3.6666666666666665,4.0,2.0,5.0,4.0,4.0,3.0,
1334,R_1paSSMOwVWpJyn2,helicopter,1.1666666666666667,1.0,1.0,1.0,2.0,1.0,1.0,
1335,R_1paSSMOwVWpJyn2,bow,4.857142857142857,5.0,5.0,5.0,5.0,5.0,4.0,5.0
1336,R_1paSSMOwVWpJyn2,ice cream cone,3.3333333333333335,2.0,4.0,4.0,4.0,1.0,5.0,
1337,R_1paSSMOwVWpJyn2,window,4.833333333333333,5.0,5.0,4.0,5.0,5.0,5.0,
1338,R_1paSSMOwVWpJyn2,ice cream,2.3333333333333335,3.0,2.0,2.0,3.0,3.0,1.0,
1339,R_1paSSMOwVWpJyn2,letter y,1.0,1.0,1.0,1.0,1.0,1.0,,
1340,R_1paSSMOwVWpJyn2,person,3.6666666666666665,3.0,5.0,4.0,2.0,5.0,3.0,
1341,R_7NhDTJ2fxewY5qh,ladder,4.5,5.0,4.0,4.0,5.0,4.0,5.0,
1342,R_7NhDTJ2fxewY5qh,circles,1.6666666666666667,1.0,2.0,1.0,3.0,2.0,1.0,
1343,R_7NhDTJ2fxewY5qh,butterfly,3.2,2.0,4.0,1.0,5.0,4.0,,
1344,R_7NhDTJ2fxewY5qh,cubes,1.1666666666666667,2.0,1.0,1.0,1.0,1.0,1.0,
1345,R_7NhDTJ2fxewY5qh,trapezoid,1.0,1.0,1.0,1.0,1.0,1.0,1.0,
1346,R_7NhDTJ2fxewY5qh,lollipop,4.5,5.0,5.0,4.0,3.0,5.0,5.0,
1347,R_7NhDTJ2fxewY5qh,pie symbol,1.4285714285714286,1.0,1.0,3.0,1.0,1.0,1.0,2.0
1348,R_7NhDTJ2fxewY5qh,cubes,1.1666666666666667,1.0,1.0,2.0,1.0,1.0,1.0,
1349,R_7NhDTJ2fxewY5qh,shovel,3.6666666666666665,2.0,5.0,5.0,4.0,4.0,2.0,
1350,R_7NhDTJ2fxewY5qh,stick figure,3.4285714285714284,3.0,1.0,5.0,4.0,3.0,5.0,3.0
1351,R_7NhDTJ2fxewY5qh,triangle,1.0,1.0,1.0,1.0,1.0,1.0,1.0,
1352,R_7NhDTJ2fxewY5qh,flower,3.142857142857143,4.0,4.0,4.0,3.0,2.0,3.0,2.0
1353,R_7NhDTJ2fxewY5qh,lighter,1.8333333333333333,4.0,2.0,2.0,1.0,1.0,1.0,
1354,R_7NhDTJ2fxewY5qh,circle,1.5,1.0,1.0,3.0,1.0,1.0,2.0,
1355,R_7NhDTJ2fxewY5qh,cherries,1.1666666666666667,1.0,2.0,1.0,1.0,1.0,1.0,
1356,R_5RvyCf53JoQh7Eg,ladder,4.5,5.0,4.0,4.0,5.0,4.0,5.0,
1357,R_5RvyCf53JoQh7Eg,hourglass,1.5,4.0,1.0,1.0,1.0,1.0,1.0,
1358,R_5RvyCf53JoQh7Eg,arrow,4.333333333333333,5.0,3.0,4.0,5.0,5.0,4.0,
1359,R_5RvyCf53JoQh7Eg,butterfly,3.2,2.0,4.0,1.0,5.0,4.0,,
1360,R_5RvyCf53JoQh7Eg,broken ladder,1.0,1.0,1.0,1.0,1.0,1.0,1.0,
1361,R_5RvyCf53JoQh7Eg,person,3.6666666666666665,4.0,4.0,2.0,3.0,5.0,4.0,
1362,R_5RvyCf53JoQh7Eg,rocket ship,1.3333333333333333,1.0,1.0,1.0,1.0,2.0,2.0,
1363,R_5RvyCf53JoQh7Eg,champagne glass,4.666666666666667,5.0,4.0,4.0,5.0,5.0,5.0,
1364,R_5RvyCf53JoQh7Eg,inverted peace symbol,3.0,5.0,1.0,1.0,4.0,5.0,2.0,
1365,R_5RvyCf53JoQh7Eg,clover,3.7142857142857144,2.0,3.0,3.0,5.0,3.0,5.0,5.0
1366,R_5RvyCf53JoQh7Eg,ice cream cone,4.166666666666667,4.0,5.0,5.0,4.0,2.0,5.0,
1367,R_5RvyCf53JoQh7Eg,snake,1.6,2.0,2.0,2.0,1.0,1.0,,
1368,R_5RvyCf53JoQh7Eg,mouse,4.5,4.0,4.0,5.0,5.0,5.0,4.0,
1369,R_6YaCnTxmrtmyBmt,bra,2.8333333333333335,2.0,3.0,4.0,2.0,3.0,3.0,
1370,R_6YaCnTxmrtmyBmt,butterfly,3.2,2.0,4.0,1.0,5.0,4.0,,
1371,R_6YaCnTxmrtmyBmt,house,3.6666666666666665,3.0,5.0,4.0,3.0,3.0,4.0,
1372,R_6YaCnTxmrtmyBmt,icecream cone,4.833333333333333,5.0,5.0,4.0,5.0,5.0,5.0,
1373,R_6YaCnTxmrtmyBmt,flag,1.0,1.0,1.0,1.0,1.0,1.0,1.0,
1374,R_6YaCnTxmrtmyBmt,number 4,1.8333333333333333,2.0,1.0,1.0,3.0,2.0,2.0,
1375,R_6YaCnTxmrtmyBmt,glasses,3.6666666666666665,4.0,2.0,5.0,4.0,4.0,3.0,
1376,R_6YaCnTxmrtmyBmt,teeball,1.1666666666666667,1.0,1.0,1.0,1.0,1.0,2.0,
1377,R_6YaCnTxmrtmyBmt,rake,3.1666666666666665,4.0,4.0,3.0,1.0,3.0,4.0,
1378,R_6YaCnTxmrtmyBmt,balloons,3.1666666666666665,3.0,3.0,2.0,4.0,2.0,5.0,
1379,R_6YaCnTxmrtmyBmt,cup,4.333333333333333,4.0,4.0,4.0,5.0,5.0,4.0,
1380,R_6YaCnTxmrtmyBmt,gate,1.6666666666666667,1.0,1.0,2.0,2.0,2.0,2.0,
1381,R_6YaCnTxmrtmyBmt,present,2.8333333333333335,1.0,5.0,2.0,3.0,3.0,3.0,
1382,R_6YaCnTxmrtmyBmt,lottery ball,1.0,1.0,1.0,1.0,1.0,1.0,1.0,
1383,R_6YaCnTxmrtmyBmt,eight,1.1666666666666667,1.0,1.0,1.0,1.0,1.0,2.0,
