Model,,,,,59,58,57,56,55,54,53,52,51,50,49,48,,001,002,003,004,005,006,007,008,009,010,011,012,013,014,015,060,16,17,18,19,20,21,22,23,24,25,26,27,28,29,30,31,32,33,34,35,36,37,38,39,40,41,42,43,44,45,46,47
,Definitely Incorrect,Possibly Correct,Definitely Correct,Finke Correct,"Pine Tree, Road Sign",Umbrella,Hourglass,Clock,"Yield Sign, Martini Glass",Music Note,Sailboat,F,Television,Stick Figure,Heart,Letter T,,Ladder,Ladder,Glasses,Glasses,Glasses,Glasses,"Pine Tree, Spear, Arrrow",Butterfly,Butterfly,"Pitchfork, Comb","Pitchfork, Comb",Goblet,Goblet,Headphones,House,House,Ice Cream,Ice Cream,Ice Cream,Computer Mouse,"Crystal Ball, Human Bust","Human Bust, Crystal Ball",Fish,Lollipop,"Chair, Bedframe","Chair, Bedframe",Flag,Door,Glasses,Shovel,Fish Skeleton,"Balloon, Lollipop",Goblet,"Plunger, Bell","Bow Tie, Owl","Bow Tie, Owl","Broom, Tripod",Clubs,"Ice Cream, Club Symbol","Ice Cream, Clubs Symbol",Mug,Mug,Window,Mouse,Computer Mouse,"Clock, Compass",Lightbulb or Ice Cream,Computer Mouse
Gemini 2.0 Flash Multiple Context (2025-07-21),37,7,16,2,Arrowhead.,Hanging scale.,Tilted hashtag.,Partial logo.,Arrowhead.,Paperclip.,Golf club.,Crosshair sight.,Keyhole symbol.,Wine glass.,Heart arrow.,Plus sign.,,Stacked Hs.,Ladder rungs,Bed ends,Bed.,Pregnant woman,Pair glasses.,Hourglass figure.,Butterfly wings.,Heart shape,Broken comb.,Goalpost.,Lying person.,Hammer time!,Toilet seat.,Simple house.,House shape.,Paper airplane.,Slingshot frame.,Sailboat silhouette.,USD symbol.,Balloon animal.,Lollipop stand.,Heart emoji,Abstract sculpture.,Tuning fork,Open box.,Check mark.,Ladder diagram,Eyeglasses / Glasses,A ladder.,Bed frame,Lollipop tree.,Hammerhead shark.,Stylized Anchor,Bow tie,Owl face,Fishing rod.,Bubble pipe,Snowman face,Love knot.,Keyhole outline,Paperclip holder,Grid pattern.,Snake donut.,Swan logo,Hanging target.,Hourglass figure.,Dollar sign.
Gemini 2.0 Flash Single Context (2025-07-21),38,8,14,2,House roof,Fishing hook,Windmill blades,Balloon string,Christmas tree,Golf club,Sail boat,Picket fence,Robot arm,Martini glass,Heart shape,Goal post,,Ladder rungs,Picket fence,Heart shape,Belly button,Belly button,Handcuffs open,Hourglass shape,Hourglass figure,Cat ears,Comb teeth,Goal post,Question mark,Mushroom cloud,Baby carriage,Dog house,House shape,Ice cream,Ice cream,Butterfly wings,Teapot spout,Speech bubble,Pregnant woman,Ice cream,Caduceus symbol,Gun barrel,Hammer head,Lightning bolt,Gate latch,Eyeglasses frame,Bed frame,Prison bars,Lollipop stick,Lollipop stick,Umbrella handle,Bow tie,Heart shape,Dowsing rod,Dumbbell weight,Snowman face,Bow tie,Tuning fork,Paper clip,Hashtag symbol,Snake charmer,Swan neck,Fishing pole,Yin yang,Teapot spout
Gemini 2.0 Flash Image Generation Multiple Context (2025-07-25),44,5,11,2,Simple house,Stylized monogram,Tilted letter.,Partial clock,Road sign,Stylized initial.,Stylized number,Inverted T.,Abstract logo,Inverted trident,Stylized owl,T-square,,Stacked letters,Ladder rungs,Tilted dumbbells,Stacked letters,Joined letters,Bow tie,Skewered chevron.,Abstract glyph.,Stylized emblem,Barcode-like symbol,Rotated table,Stylized letter,Abstract monogram.,Stylized initials,Pennant flag,Roof outline,Hourglass shape,Hanging lantern,Golden harp,Abstract logo.,Eyeglass frame,Sideways headphones,Stylized letter.,Stylized staff,Inverted chair,Rotated letter.,Stylized letter,Barcode segment,Eyeglasses frame,Stacked letters,Stylized initials,Tuning fork,Upside-down table,Stylized key,Hourglass symbol,Bow tie,Spearhead design,Eyeglasses frame,Ice cream,Pair of glasses,"Backwards ""F"" and ""P""",Stylized initial.,Stylized letter.,Computer mouse,Stylized logo,Overlapping letters,Overlapping fives.,Abstract logo.
Gemini 2.5 Pro Multiple Context (2025-07-21),30,9,17,6,An arrow.,An anchor.,Letter Z.,Verified icon.,Planted sword.,Skeleton key.,Sailboat illustration.,Shelf bracket.,Birdhouse.,Stick figure.,Broken heart.,Sledge hammer.,,A ladder.,Three-rung ladder.,Bed frame.,A bed.,A bed.,Stylized snail.,Stylized arrow.,Winged Scepter.,Stylized butterfly.,Cyrillic letter.,Milking stool.,Stylized mushroom.,Arched window.,Cartoon face.,Cut diamond.,Wireframe cube.,Ice cream.,A heart.,Ice cream.,Skeleton key.,Person icon.,A keyhole.,Rewind button,Magnifying glass.,Robot claw.,Broken hurdle.,Sailboat.,Door handle.,A bucket.,Bed icon.,Skeleton key.,Stick figure.,Ship's anchor.,Magnifying glass.,Infinity heart.,Cat face.,An anchor.,Antique key.,Club symbol.,Stylized Owl,Letter B,Shopping cart.,Window pane.,Royal scepter.,Coffee cup.,Sitting person.,Anchor Chalice.,Ornate key.
Gemini 2.5 Pro Single Context (2025-07-21),31,10,19,3,Up arrow,Anchor,Hourglass,Checkmark icon,Spade symbol,House key,Bell,Flagpole,Medal,Stick figure,Ice cream,Anchor,,Ladder,Ladder,Dumbbell,Dumbbell,Dumbbell,Eyeglasses,Fletched arrow,Butterfly,Butterfly,Trident,Trident,Skeleton key,Skeleton key,Cartoon eyes,House shape,House shape,Guitar pick,Guitar pick,Guitar pick,House key,Lightbulb,Keyhole,Play button,Magnifying glass,Comb,Skeleton key,Letter K,Bookshelf,Eyeglasses,Chalice,Train car,Female symbol,Chalice,Keyhole,Butterfly,Butterfly,Broadcast tower,Stick figure,Gift bow,Gift bow,Letter R,Letter R,Bookshelf,Cartoon bomb,Smoking pipe,Magnifying glass,Heart shape,House key
OpenAI o3 Multiple Context w/ Images (2025-07-14),10,8,33,5,House,Umbrella,Capital Z,letter k,Down arrow,Treble clef,Sailboat,Letter F,Wheelbarrow,Stick figure,Owl,Inverted T,,Ladder,Ladder,Eyeglasses,Glasses,Eyeglasses,Owl,Pine tree,Butterfly,Butterfly,Hair comb,Trident,Wine glass,Letter T,Horseshoe magnet,House outline,House,Ice cream,Shield,keyhole,SCD Logo,Keyhole,Snowman,Fish,Magnifying glass,Hammer,Chair,Arrow,Doorframe,Binoculars,Anchor,HD icon,Anchor,Wine glass,Power button,Eyeglasses,owl face,tuning fork,stick figure,Shamrock,Owl face,Coffee mug,Door,Grid,Power button,Dollar sign,Magnifying glass,Number eight,Dollar sign
OpenAI o3 Multiple Context (2025-07-21),18,6,35,9,Arrow,Umbrella,Hourglass,Registered trademark,Martini glass,smoking pipe,Sailboat,Capital F,Television,Anchor,Heart,Hammer,,Ladder,Ladder,Barbell,Goalposts,bed,Owl,Christmas tree,Butterfly,Butterfly,Trident,Trident,wine glass,Goblet,Headphones,House,house,Ice-cream cone,Chalice,Keyhole,coffee cup,Keyhole,Hot-air balloon,speech bubble,Anchor,Chair,Chair,flag,Bookshelf,Eyeglasses,Power button,Chair,Stick figure,Table lamp,Mushroom,owl,Owl,Peace sign,information icon,Club suit,Club suit,Coffee mug,coffee mug,Tic-tac-toe,Power button,Lollipop,Skeleton key,Hourglass,Asclepius rod
OpenAI o3 Single Context (2025-07-21),17,4,39,5,tree,umbrella,bow tie,clock,martini glass,key,sailboat,forklift,house,anchor,scissors,signpost,,ladder,ladder,handcuffs,eyeglasses,eyeglasses,handcuffs,tree,butterfly,butterfly,trident,comb,goblet,toilet,headphones,house,house,ice cream,ice cream,keyhole,hot coffee,crystal ball,crystal ball,fish,magnifying glass,chair,chair,signpost,bed,handcuffs,anchor,plug,lollipop,wine glass,umbrella,bowbow,bow,trident,flower,club,club,coffee mug,coffee mug,waffle,yo-yo,hot soup,wheelchair,window,anchor
OpenAI o3 Pro Multiple Context (2025-07-21),12,5,42,9,Christmas tree,Umbrella,Scissor jack,lowercase r,Martini glass,Skeleton key,Sailboat,Capital F,Old television,Stick figure,Heart,Hammer,,Ladder,Ladder,Spectacles,Goggles,Eyeglasses,Binoculars,Pine tree,Butterfly,Butterfly,Trident,Pitchfork,wine glass,Goblet,Headphones,Square bucket,Little house,Pizza slice,Ice-cream cone,Ice-cream cone,Globe,Keyhole,Keyhole,dart,Magnifying glass,chair,Chair,Signpost,Door frame,Binoculars,Anchor,Wheelchair,Stick figure,Wine glass,Toilet plunger,Owl,Owl,Trident,club suit,club symbol,club symbol,Coffee mug,Coffee mug,Tic-tac-toe,Power symbol,Magnifying glass,Magnifying glass,digit eight,Treble clef
OpenAI o3 Pro Single Context (2025-07-21),17,0,42,7,road sign,umbrella,hourglass,clock,martini glass,key,sailboat,signpost,birdhouse,anchor,ice-cream cone,hammer,,ladder,ladder,bra,spectacles,spectacles,bra,pine tree,butterfly,butterfly,pitchfork,pitchfork,wine glass,goblet,headphones,house,envelope,ice-cream cone,ice-cream cone,ice-cream cone,teapot,crystal ball,crystal ball,speech bubble,lollipop,anchor,chair,flag,door,bra,anchor,bench,tripod,goblet,pot lid,spade,spade,peace sign,angel,club,club,coffee mug,coffee mug,window,question mark,question mark,clock,pop-up toaster,teapot
OpenAI o4-mini Multiple Context (2025-07-14),25,9,25,5,Road sign,Umbrella.,Window pane,Golf club,Down arrow,Dumbbell,Swing set,Capital F,House,Stick figure.,Bikini set,Hammer.,,Ladder,Ladder,Dumbbell,Glasses,Dumbbell,Reading glasses,Arrow.,Caduceus staff,Butterfly,Pitchfork,Door key,Arch bridge,Keyhole,Headphones.,Honeycomb cell,House icon,Download icon,Hot air balloon,Revolver,Computer mouse,Golf ball,Coffee mug,a fish,Lollipop,Chair profile,Chair,Arrow,Door,Hydrogen peroxide,Coat hook,Door key,stick figure,Chandelier,Hanging lamp,Owl,Goggles,Tuning fork,stick figure,Fruit bowl,stick figure,Skeleton key,Coffee mug,Window frame,Eighth note,Lit match,Power button,Staple remover,Stethoscope
OpenAI o4-mini Single Context (2025-07-14),33,9,17,1,Sailboat,Umbrella,Truss bridge,Tobacco pipe,Shovel,Combination wrench,Wall sconce,Comb,Transistor radio,Boat anchor,Ice cream,Pedestal table,,Ladder,Ladder,Pulley,Pulley,Pulley,"You now have the digit ‚Äú8‚Äù: two identical loops stacked vertically, touching at exactly one point.",Christmas tree,Coat rack,Coat rack,Pitchfork,Pitchfork,Church bell,Mortar pestle,Headphones,House,House,Shelf bracket,Shelf bracket,Shield,Start line,Pulley hook,Power button,Speech bubble,Swirl lollipop,Lamp post,Tower crane,Flagpole,"You now have a capital ‚ÄúE‚Äù: a single vertical stroke on the left with three equal-length horizontal strokes extending to the right at the top, middle, and bottom.",Cherries,Jib crane,C-clamp,Lollipop,Coat hook,Church bell,Diving mask,Glasses,Tuning fork,Cup-and-ball,Shamrock,Owl,Bar clamp,Pipe clamp,Window frame,Eighth note,Sun glasses,Stick figure,Arch bridge,C clamp
OpenAI o4-mini Multiple Context (2025-07-21),24,4,28,5,Pine tree,Umbrella,Scissor jack,clock face,Shovel,Coat hook,Microscope,Letter F,Birdhouse,Stick figure,Pendant lights,Capital T,,Ladder,Ladder,Glasses.,Heart.,Handcuffs,Handcuffs,An arrow,Caduceus,Candlestick,Comb,Trident,Wine glass,Wine glass,Headphones,House,a house,Funnel,Parachute,Ice cream,S-hook,Ice cream,Magnifying glass,Ice cream,Magnifying glass,Coat hook,Chair,Signpost,Door handle,Glasses,Trident,Door key,Stick figure,Church bell,Toilet plunger,Glasses,Spade symbol,Tree branch,Stick figure,Ice-cream cone,Pulley system,Key,Pistol,Hash sign,Power button,Christmas ornament,Clock face,Tuning fork,Balloon
OpenAI o4-mini Single Context (2025-07-21),31,7,22,1,Bird feeder,Umbrella,Truss bridge,Power button,"I see a vertical stem topped by a horizontal bar at its midpoint, forming a classic capital ‚ÄúT.‚Äù",Bottle opener,Pitching wedge,Step stool,Birdhouse,Anchor,Bull skull,T-square,,Ladder,Ladder,Wine glass,Tongs,Tongs,Binoculars,Christmas tree,Butterfly,Four-leaf clover,Pitchfork,Pitchfork,Floor lamp,C clamp,Headphones,House,House,Ice cream,Arch bridge,Medal,Tape dispenser,"I see a vertical stem on the left with a smooth semicircular curve attached to its right, forming the bowl of the letter D.",Bowler hat,Goggles,Lollipop,Pistol,Street lamp,Flagpole,Door,Goggles,Shovel,Hinge pin,Balloon,Church bell,Church steeple,Glasses,Glasses,Tuning fork,Weightlifter,Owl,Scissors,Coffee mug,Staple gun,Pound sign,Eighth note,Sunglasses,Skeleton key,Handlebar mustache,Pulley
OpenAI ChatGPT-4o Single Context (2025-07-25),38,8,12,4,Arrow symbol,Umbrella silhouette,Kite frame,Arrow symbol,Location marker,Treble clef,Keyhole symbol,Flag pole,Symbolic crest,Tree symbol,Butterfly emblem,Signpost symbol,,Ladder shape,Ladder shape,Butterfly emblem,Butterfly silhouette,Butterfly wings,Insect head,Hourglass symbol,Butterfly emblem,Butterfly icon,Trident symbol,Trident emblem,Magnifying glass,Mushroom silhouette,Butterfly cradle,Shield emblem,House icon,Magnifying glass,Chalice shape,Magnifying glass,Butterfly landing,Magnifying glass,Magnifying glass,Magnifying glass,Keyhole symbol,Pickaxe silhouette,Pickaxe shape,Signpost symbol,Window frame,Insect head,Keyhole symbol,Keyhole emblem,Stick figure,Keyhole symbol,Keyhole symbol,Butterfly icon,Butterfly icon,Location marker,Butterfly icon,Butterfly icon,Butterfly symbol,Keyhole symbol,Magnifying glass,Window frame,Keyhole symbol,Butterfly landing,Magnifying glass,Butterfly silhouette,Butterfly landing
OpenAI ChatGPT-4o Multiple Context (2025-07-25),39,3,18,2,Campfire tripod,Elephant trunk,Hourglass symbol,Broken arrow,Anchor symbol,Musical clef,Flag bracket,Flagpole signpost,Abstract figure,Upside-down tree,Owl face,Flagpole sign,,Ladder structure,Train tracks,Butterfly wings ü¶ã,Owl eyes,Eyeglasses frame,Steering wheel,Rocket exhaust,Butterfly emblem,Butterfly silhouette,Trident symbol,Pitchfork symbol,Wine glass,Magnifying glass,Bear face,House icon,House icon,Fish hook,Slingshot frame,Speech balloon,Mechanical arm,Magnifying glass,Musical note,Padlock keyhole,Keyhole serpent,Pipe fitting,Pipe wrench,Arrow sign,Staple remover,Eyeglasses frame,Door hinge,Goal post,Stick figure,Mushroom anchor,Magnifying glass,Butterfly mask,Owl face,Slingshot frame,Bowtie person,Owl face,Abstract person,Flagpole sign,Chair profile,Ladder frame,Dollar sign,Snake eye,Magnifying glass,Butterfly wings,Musical clef
GPT 4.1 Multiple Context (2025-07-21),36,7,19,1,Gymnastics apparatus,Musical clef,Railroad crossing,Raising arm,Anchor symbol,Gas pump,Musical note,Flagpole sign,Keyhole lock,Wine glass,Heart pendant,Table lamp,,Ladder rungs,Ladder shape,Reading glasses,Glasses frame,Eyeglasses frame,Glasses frames,Wine glass,Butterfly silhouette,Owl face,Greek pi,Table fork,Drinking fountain,Anchor symbol,Horseshoe magnet,House icon,House icon,Heart shape,Wine glass,Ribbon award,Dollar sign,Magnifying glass,Treble clef,"Lowercase ""a""",Dollar sign,Crutch shape,Key shape,Arrow sign,Staple remover,Eyeglasses frame,Hospital sign,Barrier gate,Magnifying glass,Door knocker,Golf club,Bow tie,Owl face,Peace sign,Bow tie,Ice cream,Owl face,Bed frame,Pipe clamp,Hash sign,Saxophone key,Dollar sign,Magnifying glass,Treble clef,Dollar sign
GPT 4.1 Single Context (2025-07-21),35,7,18,6,Arrowhead ladder,Umbrella silhouette,Bow tie,Peace sign,Martini glass,Musical note,Sailboat silhouette,Flag pole,Key icon,Candelabra stand,Valentine heart,Right angle,,Wooden ladder,Vertical ladder,Playing spade,Valentine heart,Butterfly wings,Eyeglasses frame,Evergreen tree,Butterfly silhouette,Butterfly icon,Fir tree,Dining chair,Table lamp,Mushroom cloud,Elephant head,Diamond jewel,Diamond shape,Medieval shield,Wishbone shape,Valentine heart,Musical note,Hot airballoon,Guitar silhouette,Ping pong,Standing microphone,Trident symbol,Flag sign,Flagpole arrow,Table chair,Reading glasses,Stone arch,Church window,Balloon stick,Umbrella icon,Lollipop icon,Butterfly icon,Butterfly shape,Peace symbol,Flower bud,Mickey Mouse,Ice cream,Flag pole,Flag sign,Pound sign,Lollipop swirl,Musical note,Magnifying glass,Playing spade,Treble clef
GPT 4.1 Multiple Context w/ Images (2025-07-21),40,6,13,1,Gymnastics apparatus,Pipe wrench,Zorro symbol,Broken letter,Anchor symbol,Musical clef,Flag pole,"Lowercase ""r""",Keyhole symbol,Slingshot symbol,Arrow key,Uppercase pi,,Ladder shape,Ladder shape,Eyeglasses frame,Butterfly wings,Bed frame,Barbell weight,Railroad track,Butterfly head,Butterfly emblem,Fork and knife,Fork symbol,Table lamp,Door hinge,Crab claw,Pentagon house,Simple house,Whale tail,Wine glass,Magnifying glass,USB connector,Padlock icon,Musical note,Power button,Keyhole symbol,Pipe wrench,Flagpole signpost,Check mark,Goal post,Eyeglasses frame,Goal post,Bridge support,Magnifying glass,Umbrella handle,Golf club,Infinity symbol,Owl face,Peace symbol,Pair glasses,Mickey Mouse,Infinity symbol,Goal post,Flag pole,Tic-tac-toe,Stethoscope icon,Dollar sign,LO monogram,Heart shape,Dollar sign
GPT 4.1 Single Context w/ Images (2025-07-21),39,4,17,2,Bridge arch,Umbrella handle,Tape dispenser,Arm symbol,Pushpin icon,Flag stand,Desk lamp,Uppercase F,Keyhole symbol,Slingshot icon,Bird head,Flagpole sign,,Ladder icon,Railing fence,Ballet shoes,Glasses icon,Bed frame,Eyeglasses icon,Spire icon,Butterfly icon,Butterfly antennae,Forklift icon,Comb utensil,Desk lamp,Stapler icon,Owl face,Planter pot,House icon,Trophy cup,Goblet shape,Cup trophy,Scissors shape,Magnifying glass,Magnifying glass,Keyhole icon,Streetlamp icon,Hammer shape,Flagpole icon,Checkmark post,Rail tracks,Eyeglasses frame,Chair shape,Rail bridge,Lollipop icon,Mushroom shape,Mushroom stem,Hourglass shape,Heart glasses,Slingshot pole,Magnifying glass,Snowman face,Snowman sideways,Ear shape,Key shape,Hash symbol,Music note,Swan icon,Magnifying glass,Handcuffs icon,Scissors icon
OpenAI o3 Single Context w/ Images (2025-07-14),,,,,rocket,umbrella,zipper,,,key,,letter F,,anchor,ice cream,,,,,,,letters bd,,,,,,,mushroom,mushroom,,,,,,,key,,,,,axe,chair,,,owl,,,umbrella,,,,,,anchor,,club,,,,,,magnifying glass,snowman,
,,,,,,,,,,,,,,,,,,,,,,,,,,,,,,,,,,,,,,,,,,,,,,,,,,,,,,,,,,,,,,,,,
OpenAI o3 Multiple Context (2025-07-14),,,,,Up arrow,Umbrella,Hourglass,clock,Martini glass,hammer sickle,Sailboat,Letter F,retro television,Anchor,Heart,Hammer,,Ladder,Ladder,Eye,Binoculars,Goggles,bra,Christmas Tree,A butterfly,Butterfly,Comb,Trident,Table lamp,wine glass,Car,House,House,Ice cream,Medieval shield,Capital R,coffee cup,User icon,Keyhole,Fish,Lollipop,Chair,Chair,Signpost,Door,Bra,Greek phi,park bench,stick figure,Hammer,Power button,Spade symbol,Heart,Trident,stick figure,club suit,club suit,coffee mug,Coffee mug,tic-tac-toe,Power button,Cartoon bomb,Periscope,Snowman,Skeleton key
OpenAI o3 Single Context (2025-07-14),,,,,Sailboat,Umbrella,Bow tie,,,Key,,Letter F,,Anchor,Heart,,,,,,,Eyeglasses,,,,,,,Table lamp,Trophy,,House,,,,Ice cream,Coffe cup,,,,,Pistol,Pistol,,,Headphones,,,Balloon,,,,,,Shamrock,,Ice cream,,,,,,magnifying glass,House,
OpenAI o3 Multiple Context w/ Images (2025-07-21),,,,,Arrow,Umbrella,Hourglass,Circle K,Anchor,Skeleton key,Anchor,Letter F,Key,Anchor,Heart,Letter T,,Ladder,Ladder,Eyeglasses,Glasses,Glasses,Butterfly,Pine tree,Butterfly,Butterfly,Table,Trident,Wine glass,Padlock,Headphones,House,House,Shield,Shield,speech bubble,coffee cup,Magnifying glass,Snail,Arrow,Magnifying glass,Chair,Chair,Axe,Window,Binoculars,Wine glass,HD monogram,Stick figure,wine glass,Golf club,Owl face,owl,Anchor,Butterfly,Ice cream,Owl,EP,coffee mug,Grid,Question mark,Dollar sign,Padlock,number eight,Treble clef
OpenAI o3 Single Context w/ Images (2025-07-21),,,,,Tent,Umbrella,Letter Z,,,Music note,Flag,Letter F,,Anchor,Owl,,,Ladder,,,,Eyeglasses,,,Butterfly,,Comb,,Wine glass,Wine glass,,House,,Ice cream,,Ice cream,Coffee cup,Keyhole,,,,Chair,Flag,,,Bug,,,Anchor,,,,,,Anchor,,Angel,,Coffee mug,,,,Magnifying glass,Number 8,
OpenAI o3 Multiple Context w/ Images (2025-07-22),,,,,Up arrow,Umbrealla,Letter Z,Circled K,Martini glass,lowercase f,Pistol,Letter F,House,Anchor,Ice cream,Corner bracket,,Ladder,Ladder,Eyeglasses,Binoculars,Eyeglasses,Binoculars,Christmas tree,Butterfly,Butterfly,Hair comb,Comb,Anchor,Hammer,Headphones,House outline,House,Shield,wine glass,Speech bubble,Euro symbol,Stick figure,Padlock,Arrow,Lollipop,Chair,Chair,Coat hanger,Window frame,Bra,Anchor,Fence,Umbrella,Mushroom,Spoon,Glasses,Owl,Trident,Anchor,Clover,Butterfly,EP monogram,Parking sign,Grid,power button,Dollar sign,Power button,Number eight,Dollar sign
OpenAI o3 Single Context w/ Images (2025-07-22),,,,,Tree,Umbrella,Hourglass,,,Key,,Shelf,,Stick figure,Heart,,,Ladder,,,,Eyeglasses,,,,,Trident,,Table lamp,Table lamp,,House,,Ice cream,,Ice cream,Sled,Gumball machine,,,,Chair,Chair,,,Binoculars,,,Stick figure,,,,,,Cactus,,Butterfly,,Coffee mug,,,,Clock,Snowman,
OpenAI o3 Multiple Context w/ Images (2025-07-23),,,,,Up arrow,Umbrella,Letter Z,Half k,Martini glass,Musical note,Sailboat,Capital F,Key,Anchor,Ice cream,Letter T,,Ladder,Ladder,glasses,Glasses,Eyeglasses,Infinity symbol,Christmas tree,Butterfly,Butterfly,Fork,Trident,Table lamp,Wine glass,Headphones,House,House,Bookmark,Slingshot,Wine glass,Database,Toilet,Padlock,Play button,Magnifying glass,Hammer,Chair,Flag,Door frame,Eyeglasses,Anchor,HD monogram,Stick figure,Claw hammer,Golf club,Owl,Owl,Anchor,Club symbol,Shamrock,Butterfly,EP,Flag,Grid,Power symol,Coffee cup,Magnifying glass,Figure eight,Glasses
OpenAI o3 Single Context w/ Images (2025-07-23),,,,,Tree,Umbrella,Hourglass,,,Key,,Hammer,,Person,Heart,,,Ladder,,,,Glasses,,,Butterfly,,Comb,,Goblet,Goblet,,House,,Ice cream,,Key,Elephant,Keyhole,,,,Chair,Chair,,,Bug,,,Anchor,,,,,,Person,,Ice cream,,Door,,,,Clock,Snowman,
OpenAI o3 Multiple Context w/ Images (2025-07-24),,,,,House,Umbrella,Letter Z,letter k,Table lamp,Fishing hook,Key,Capital F,Key,Anchor,Owl face,Capital T,,Ladder,Ladder,Dumbbell,Binoculars,Glasses,Binoculars,Pine tree,Butterfly,Butterfly,Pitchfork,Pitchfork,Wine glass,Wine glass,Headphones,House,House,Location pin,wine glass,Ice cream,Currency symbol,Keyhole,Magnifying glass,Play button,Lollipop,Chair,Hammer,Flag,A ladder,Eyeglasses,Hard drive,HD monogram,Anchor,Wine glass,Golf club,Owl,Owl face,Anchor,Stick figure,Clover,Butterfly,Rectangle,Coffee mug,Tic-tac-toe,Power symbol,Dollar Sign,Analog clock,Number eight,Anchor
OpenAI o3 Single Context w/ Images (2025-07-24),,,,,table lamp,umbrella,Hourglass,,,music note,,letter F,,anchor,heart,,,ladder,,,,glasses,,,,,,,table lamp,table lamp,,house,,,,speech bubble,key,,,,,chair,flag,,,binoculars,,,stick figure,,,,,,club symbol,,spade symbol,,coffee mug,,,,wheelchair,snowman,
,,,,,,,,,,,,,,,,,,,,,,,,,,,,,,,,,,,,,,,,,,,,,,,,,,,,,,,,,,,,,,,,,
,,,,,,,,,,,,,,,,,,,,,,,,,,,,,,,,,,,,,,,,,,,,,,,,,,,,,,,,,,,,,,,,,
OpenAI o3 Single Context w/ Images (2025-07-25) (1),,,,,Tree,Umbrella,Hourglass,,,,,Letter F,,,Heart,,,,,,,Eyeglasses,,,,,,,,Light bulb,,,,,,,Dollar sign,,,,,,,,,Eyeglasses,,,,,,,,,Anchor,,Butterfly,,,,,,,Padlock,
OpenAI o3 Single Context w/ Images (2025-07-25) (2),,,,,Sailboat,Umbrella,Letter Z,,,Key,Umbrella,Letter F,,Stick figure,Heart,,,Ladder,,,,Eyeglasses,,,Butterfly,,Fork,,Wine glass,Lamp,,House,,Teardrop,,Parachute,Duck,Lightbulb,,,,Flag,Chair,,,Owl,,,Balloon,,,,,,Anchor,,Butterfly,,Cup,,,,Magnifying glass,Number 8,
Gemini 2.0 Flash Image Generation Multiple Context (2025-07-21),,,,,Arrowhead,Stylized monogram,Tilted Z,Partial letter,Wine glass,Monogram logo,Rotated letter,Rotated plus,Abstract monogram,Upside-down trident,Stylized dumbbells,Right angle,,Stacked Hs,Three bars,Two peanuts,Eyeglasses frame,A bed.,Snowman outline,Stylized letter M,Butterfly wings,Abstract logo,Barcode scanner,Stylized letter,Musical note,Door knocker,Stylized monogram,House outline,Roof outline,Hourglass figure,Hanging scale,Stylized letter,Stylized initials,Stylized doorknob,Tadpole drawing,Speech bubble,Ankh symbol,Sideways anchor,"A sideways ""H""",Stylized anchor,Crate label,Eyeglasses frame,A partially obscured letter,Divided letter,Stick figure,Wine glass,Shepherd's crook,Bow tie,Owl face,Tuning fork,Tadpole drawing,Ice cream,Hourglass figure,Block initials,Stylized initials,Overlapping letters,Hanging scale,Stylized monogram,Overlapping letters,Overlapping shapes,Stylized monogram
Gemini 2.0 Flash Image Generation Single Context (2025-07-21),,,,,The image I generated best represents a **house**.,The image I generated best represents a **question mark**,The image I generated best represents the **letter Z**.,,,The image I generated best represents a **flag**.,,The image I generated best represents the **letter H**.,,The image I generated best represents a **peace symbol**.,The image I generated best represents a **stylized arrow**.,,,The image I generated best represents **stacked Hs**.,,,,The image I generated best represents the **letters bd**.,,,The image I generated best represents **BYB aligned**.,,The image I generated best represents **EI aligned**.,,The image I generated best represents **DI**.,The image I generated best represents a **table**.,,The image I generated best represents a **house outline**.,,The image I generated best represents a **stylized fish**.,,The image I generated best represents a **stylized bird**.,The image I generated best represents the **dollar sign**,The image I generated best represents **OD touching**.,,,,The image I generated best represents the **letter E**.,The image I generated best represents the **letter L**.,,,The image I generated best represents **eyeglasses**.,,,The image I generated best represents a **balloon string**.,,,,,,The image I generated best represents a **lollipop**.,,The image I generated best represents a **snowman**.,,The image I generated best represents **IP touching**.,,,,The image I generated best represents **LO apart**.,The image I generated best represents **two overlapped**.,
Gemini 2.0 Flash Image Generation Multiple Context (2025-07-22),,,,,A-frame house,Stylized monogram,Tilted Z,Partial letter,Road closed,Stylized initial.,Stylized logo,Sideways letter H,Rotated logo,Upside-down keyhole,Stylized anchor,Right angle,,Stacked letters,Sideways comb,A pair.,Eyeglasses frame,Connected letters,Pair of glasses,Skewered letter,Abstract glyph,Hourglass figure,Sideways comb,Stylized letters,A stylized brige,A fancy chalice,Stylized monogram,Gable roof,Open book,Hourglass shape,Slingshot silhouette,Stylized letters,Abstract logo.,Letter combination,A stylized letter B,Stylized keyhole,Stylized caduceus,Sideways H,Sideways key,Stylized letter,Stylized window,Pair of glasses,Overlapping letters,A stylized **barcode**.,Plumb bob,Upside-down table,Tadpole silhouette,Bow tie,Hourglass figure,Upside-down triden,Clover leaf,Ice cream,Hourglass,Stylized logo,Stylized flag,Overlapping letters,Power button,Stylized monogram,Stacked letters,Stylized letter,Overlapping letters
Gemini 2.0 Flash Image Generation Single Context (2025-07-22),,,,,House roof,Fish hook,Lightning bolt.,,,Flag pole.,,"Lowercase ""p""",,Wine glass.,Ice cream,,,Triple bunkbed.,,,,"The image represents the letters ""bd"".",,,Butterfly wings.,,Comb teeth.,,Trombone slide.,Umbrella handle,,Simple house.,,Open book.,,Sperm cell.,Dollar sign,Balloon animal.,,,,Road intersection.,Lopsided anchor.,,,Cherries,,,Plumb bob.,,,,,,Barbell.,,Hourglass.,,Jail cell.,,,,Hole over stick.,Snail shell,
Gemini 2.0 Flash Image Generation Multiple Context (2025-07-23),,,,,Arrowhead,Umbrella handle,Tilted letter.,Clock hand,Road closed,Musical note,Stylized logo,Sideways hammer,Letter block,Tuning fork,Stylized owl,Letter N,,Stacked letters,Sideways comb,Double bubble,Eyeglasses frame,Joined letters,Pair of glasses,Stylized plumb bob,Abstract glyph,Abstract logo,Sideways comb,Abstract symbol,Roman numeral two,Hanging lantern,Stylized monogram,Stylized house,Arrowhead,Stylized anchor,Hanging scale,Stylized number,Stylized logo,Door knocker,A stylized music note,Tuning fork,Dollar sign,Sideways chair,Crooked cane,Stylized letter,Two combs,Eyeglasses frame,Overlapping letters,Stylized logo,Hanging ornament,Abstract monogram,Tilted arch,Aries symbol,Cartoon face,Pitchfork silhouette,Stick figure,Clover leaf,Hourglass,Stylized initials,Stlized initial,Overlapping letters,Tadpole drawing,Stylized initial,Overlapping letters,Abstract glyph,Sylized initial
Gemini 2.0 Flash Image Generation Single Context (2025-07-23),,,,,Arrowhead bars,Combined letters,Slanted Z,,,Combined letters,,Rotated letters,,Upside-down Y,Abstract shape,,,Stacked Hs,,,,Joined letters,,,,,,,Combined letters,Combined letters,,Simple house.,,,,Combined letters,Combined letters,,,,,Rotated T,Rotated T,,,Stylized infinity,,,Stylized exclamation,,,,,,Abstract shape,,Stylized hourglass,,Combined letters,,,,Stacked letters,Rotated eights,